DROP DATABASE IF EXISTS myMusic;
CREATE DATABASE myMusic;
USE myMusic;
CREATE TABLE `songs`(
    `id` INT NOT NULL PRIMARY KEY AUTO_INCREMENT,
    `youtube_link` VARCHAR(255) NULL,
    `album_id` INT NOT NULL,
    `artist_id` INT NOT NULL,
    `title` VARCHAR(255) NOT NULL,
    `length` TIME NOT NULL,
    `track_number` INT NOT NULL,
    `lyrics` VARCHAR(255),
    `created_at` DATE NOT NULL,
    `uploaded_at` DATE NOT NULL
);
CREATE TABLE `albums`(
    `id` INT NOT NULL PRIMARY KEY AUTO_INCREMENT,
    `artist_id` INT NOT NULL,
    `name` VARCHAR(255) NOT NULL,
    `cover_img` VARCHAR(255) NOT NULL,
    `created_at` DATE NOT NULL,
    `uploaded_at` DATE NOT NULL
);
CREATE TABLE `artists`(
    `id` INT NOT NULL PRIMARY KEY AUTO_INCREMENT,
    `name` VARCHAR(255) NOT NULL,
    `created_at` DATE NOT NULL,
    `uploaded_at` DATE NOT NULL
);
CREATE TABLE `playlists`(
    `id` INT NOT NULL PRIMARY KEY AUTO_INCREMENT,
    `name` VARCHAR(255) NOT NULL,
    `cover_img` VARCHAR(255) NOT NULL,
    `created_at` DATE NOT NULL,
    `uploaded_at` DATE NOT NULL
);
CREATE TABLE `songs_in_playlists`(
    `playlist_id` INT NOT NULL,
    `song_id` INT NOT NULL,
    PRIMARY KEY(`playlist_id`, `song_id`)
);
CREATE TABLE `users`(
    `id` INT NOT NULL PRIMARY KEY AUTO_INCREMENT,
    `name` VARCHAR(255) NOT NULL,
    `email` VARCHAR(255) NOT NULL,
    `created_at` DATE NOT NULL,
    `is_admin` BOOLEAN NOT NULL,
    `preferences` VARCHAR(255) NOT NULL,
    `remember_token` INT NOT NULL
);
CREATE TABLE `song_interactions`(
    `id` INT NOT NULL PRIMARY KEY AUTO_INCREMENT,
    `song_id` INT NOT NULL,
    `user_id` INT NOT NULL,
    `is_liked` BOOLEAN NOT NULL,
    `play_count` INT NOT NULL
);
ALTER TABLE
    `songs_in_playlists` ADD CONSTRAINT `songs_in_playlist_playlist_id_foreign` FOREIGN KEY(`playlist_id`) REFERENCES `playlists`(`id`) ON DELETE CASCADE;
ALTER TABLE
    `song_interactions` ADD CONSTRAINT `song_interactions_user_id_foreign` FOREIGN KEY(`user_id`) REFERENCES `users`(`id`) ON DELETE CASCADE;
ALTER TABLE
    `songs` ADD CONSTRAINT `song_album_id_foreign` FOREIGN KEY(`album_id`) REFERENCES `albums`(`id`) ON DELETE CASCADE;
ALTER TABLE
    `albums` ADD CONSTRAINT `album_artist_id_foreign` FOREIGN KEY(`artist_id`) REFERENCES `artists`(`id`) ON DELETE CASCADE;
ALTER TABLE
    `songs` ADD CONSTRAINT `song_artist_id_foreign` FOREIGN KEY(`artist_id`) REFERENCES `artists`(`id`) ON DELETE CASCADE;
ALTER TABLE
    `songs_in_playlists` ADD CONSTRAINT `songs_in_playlist_song_id_foreign` FOREIGN KEY(`song_id`) REFERENCES `songs`(`id`) ON DELETE CASCADE;
ALTER TABLE
    `song_interactions` ADD CONSTRAINT `song_interactions_song_id_foreign` FOREIGN KEY(`song_id`) REFERENCES `songs`(`id`) ON DELETE CASCADE;

INSERT INTO `users` (`id`, `name`, `email`, `created_at`, `is_admin`, `preferences`, `remember_token`) VALUES (1, 'Jolie Schowalter', 'omorissette@example.org', '1977-07-23', 0, '', 0);
INSERT INTO `users` (`id`, `name`, `email`, `created_at`, `is_admin`, `preferences`, `remember_token`) VALUES (2, 'Mrs. Gladys Ernser', 'allen.watsica@example.com', '1991-05-04', 0, '', 15);
INSERT INTO `users` (`id`, `name`, `email`, `created_at`, `is_admin`, `preferences`, `remember_token`) VALUES (3, 'Rodger Rolfson', 'providenci.stiedemann@example.net', '2010-09-20', 0, '', 38);
INSERT INTO `users` (`id`, `name`, `email`, `created_at`, `is_admin`, `preferences`, `remember_token`) VALUES (4, 'Miss Clemmie Quigley V', 'angelina.pollich@example.com', '1993-06-12', 0, '', 25);
INSERT INTO `users` (`id`, `name`, `email`, `created_at`, `is_admin`, `preferences`, `remember_token`) VALUES (5, 'Jeanette Senger', 'olebsack@example.org', '2015-03-19', 0, '', 2);
INSERT INTO `users` (`id`, `name`, `email`, `created_at`, `is_admin`, `preferences`, `remember_token`) VALUES (6, 'Dr. Alisha Parker DVM', 'albina.jast@example.com', '1981-10-07', 0, '', 22);
INSERT INTO `users` (`id`, `name`, `email`, `created_at`, `is_admin`, `preferences`, `remember_token`) VALUES (7, 'Juliet Balistreri IV', 'andreane07@example.net', '1970-10-08', 0, '', 33);
INSERT INTO `users` (`id`, `name`, `email`, `created_at`, `is_admin`, `preferences`, `remember_token`) VALUES (8, 'Abelardo Reichert', 'keeley.abbott@example.org', '1978-02-26', 0, '', 2);
INSERT INTO `users` (`id`, `name`, `email`, `created_at`, `is_admin`, `preferences`, `remember_token`) VALUES (9, 'Juliet Reilly', 'vickie71@example.net', '1981-08-21', 0, '', 36);
INSERT INTO `users` (`id`, `name`, `email`, `created_at`, `is_admin`, `preferences`, `remember_token`) VALUES (10, 'Mavis Becker Jr.', 'hortense18@example.net', '1981-06-24', 0, '', 9);
INSERT INTO `users` (`id`, `name`, `email`, `created_at`, `is_admin`, `preferences`, `remember_token`) VALUES (11, 'Prof. Loma Kerluke Jr.', 'thaddeus.wilkinson@example.com', '1972-02-23', 0, '', 11);
INSERT INTO `users` (`id`, `name`, `email`, `created_at`, `is_admin`, `preferences`, `remember_token`) VALUES (12, 'Florence Flatley', 'kris.damon@example.com', '2011-03-12', 0, '', 12);
INSERT INTO `users` (`id`, `name`, `email`, `created_at`, `is_admin`, `preferences`, `remember_token`) VALUES (13, 'Estel Bradtke Sr.', 'qrice@example.net', '2008-08-06', 0, '', 50);
INSERT INTO `users` (`id`, `name`, `email`, `created_at`, `is_admin`, `preferences`, `remember_token`) VALUES (14, 'Dr. Beau Schmidt II', 'rogelio76@example.net', '1974-06-26', 1, '', 0);
INSERT INTO `users` (`id`, `name`, `email`, `created_at`, `is_admin`, `preferences`, `remember_token`) VALUES (15, 'Prof. Remington Borer', 'zetta.ullrich@example.org', '2002-06-14', 0, '', 43);
INSERT INTO `users` (`id`, `name`, `email`, `created_at`, `is_admin`, `preferences`, `remember_token`) VALUES (16, 'Cameron Hand', 'casper.ozella@example.net', '1998-11-22', 0, '', 35);
INSERT INTO `users` (`id`, `name`, `email`, `created_at`, `is_admin`, `preferences`, `remember_token`) VALUES (17, 'Elwin Botsford', 'kennedy.mcclure@example.net', '1991-07-30', 0, '', 16);
INSERT INTO `users` (`id`, `name`, `email`, `created_at`, `is_admin`, `preferences`, `remember_token`) VALUES (18, 'Fay McCullough', 'nbailey@example.net', '1978-07-10', 0, '', 18);
INSERT INTO `users` (`id`, `name`, `email`, `created_at`, `is_admin`, `preferences`, `remember_token`) VALUES (19, 'Davon Simonis', 'zachary54@example.net', '2006-04-15', 0, '', 41);
INSERT INTO `users` (`id`, `name`, `email`, `created_at`, `is_admin`, `preferences`, `remember_token`) VALUES (20, 'Cordelia Jerde', 'mfarrell@example.com', '1997-03-16', 0, '', 29);
INSERT INTO `users` (`id`, `name`, `email`, `created_at`, `is_admin`, `preferences`, `remember_token`) VALUES (21, 'Winfield Kuhic', 'jodie12@example.com', '2017-08-12', 0, '', 48);
INSERT INTO `users` (`id`, `name`, `email`, `created_at`, `is_admin`, `preferences`, `remember_token`) VALUES (22, 'Isobel Ratke', 'david.ebert@example.net', '1979-04-17', 0, '', 18);
INSERT INTO `users` (`id`, `name`, `email`, `created_at`, `is_admin`, `preferences`, `remember_token`) VALUES (23, 'Connie Hane', 'daniela.bernhard@example.net', '1994-04-08', 1, '', 17);
INSERT INTO `users` (`id`, `name`, `email`, `created_at`, `is_admin`, `preferences`, `remember_token`) VALUES (24, 'Horacio Ryan', 'adella.okuneva@example.net', '2000-05-21', 0, '', 44);
INSERT INTO `users` (`id`, `name`, `email`, `created_at`, `is_admin`, `preferences`, `remember_token`) VALUES (25, 'Myrtice Herman IV', 'charlie.flatley@example.com', '2014-09-20', 0, '', 30);
INSERT INTO `users` (`id`, `name`, `email`, `created_at`, `is_admin`, `preferences`, `remember_token`) VALUES (26, 'Dustin Rogahn', 'swift.eunice@example.org', '1978-05-10', 0, '', 24);
INSERT INTO `users` (`id`, `name`, `email`, `created_at`, `is_admin`, `preferences`, `remember_token`) VALUES (27, 'Dr. Sally Collier MD', 'dlangworth@example.org', '1997-01-30', 0, '', 46);
INSERT INTO `users` (`id`, `name`, `email`, `created_at`, `is_admin`, `preferences`, `remember_token`) VALUES (28, 'Rozella Cartwright', 'brennon45@example.net', '2000-03-07', 0, '', 28);
INSERT INTO `users` (`id`, `name`, `email`, `created_at`, `is_admin`, `preferences`, `remember_token`) VALUES (29, 'Marjorie McDermott', 'clyde.ziemann@example.org', '2004-03-19', 0, '', 2);
INSERT INTO `users` (`id`, `name`, `email`, `created_at`, `is_admin`, `preferences`, `remember_token`) VALUES (30, 'Anika Williamson', 'janderson@example.com', '2011-12-01', 0, '', 14);
INSERT INTO `users` (`id`, `name`, `email`, `created_at`, `is_admin`, `preferences`, `remember_token`) VALUES (31, 'Torrance Gusikowski', 'ansley62@example.net', '2000-06-09', 0, '', 31);

INSERT INTO `playlists` (`id`, `name`, `cover_img`, `created_at`, `uploaded_at`) VALUES (1, 'earum', 'http://www.schaefer.com/', '1999-01-25', '1981-08-20');
INSERT INTO `playlists` (`id`, `name`, `cover_img`, `created_at`, `uploaded_at`) VALUES (2, 'incidunt', 'http://fisher.com/', '1988-06-23', '2004-05-17');
INSERT INTO `playlists` (`id`, `name`, `cover_img`, `created_at`, `uploaded_at`) VALUES (3, 'illum', 'http://purdylegros.com/', '1991-07-14', '1973-11-03');
INSERT INTO `playlists` (`id`, `name`, `cover_img`, `created_at`, `uploaded_at`) VALUES (4, 'et', 'http://dubuque.org/', '1973-05-12', '1981-12-28');
INSERT INTO `playlists` (`id`, `name`, `cover_img`, `created_at`, `uploaded_at`) VALUES (5, 'distinctio', 'http://morissette.net/', '1999-07-12', '2019-07-24');
INSERT INTO `playlists` (`id`, `name`, `cover_img`, `created_at`, `uploaded_at`) VALUES (6, 'vitae', 'http://gislason.net/', '1993-10-07', '1970-12-15');
INSERT INTO `playlists` (`id`, `name`, `cover_img`, `created_at`, `uploaded_at`) VALUES (7, 'cumque', 'http://www.green.com/', '2000-03-28', '1983-12-18');
INSERT INTO `playlists` (`id`, `name`, `cover_img`, `created_at`, `uploaded_at`) VALUES (8, 'fuga', 'http://rogahn.com/', '1976-09-28', '2007-12-23');
INSERT INTO `playlists` (`id`, `name`, `cover_img`, `created_at`, `uploaded_at`) VALUES (9, 'omnis', 'http://www.mcglynn.com/', '1986-11-16', '1997-01-03');
INSERT INTO `playlists` (`id`, `name`, `cover_img`, `created_at`, `uploaded_at`) VALUES (10, 'libero', 'http://www.ankunding.com/', '2004-06-13', '1994-01-31');
INSERT INTO `playlists` (`id`, `name`, `cover_img`, `created_at`, `uploaded_at`) VALUES (11, 'amet', 'http://www.brekkemacejkovic.com/', '2015-12-20', '1984-08-30');
INSERT INTO `playlists` (`id`, `name`, `cover_img`, `created_at`, `uploaded_at`) VALUES (12, 'ducimus', 'http://kozey.org/', '2011-06-26', '1975-04-09');
INSERT INTO `playlists` (`id`, `name`, `cover_img`, `created_at`, `uploaded_at`) VALUES (13, 'et', 'http://www.effertz.info/', '2010-07-25', '1989-10-05');
INSERT INTO `playlists` (`id`, `name`, `cover_img`, `created_at`, `uploaded_at`) VALUES (14, 'quam', 'http://hagenes.info/', '1997-02-27', '1990-05-06');
INSERT INTO `playlists` (`id`, `name`, `cover_img`, `created_at`, `uploaded_at`) VALUES (15, 'quia', 'http://dubuquevolkman.net/', '2014-11-07', '1997-12-04');
INSERT INTO `playlists` (`id`, `name`, `cover_img`, `created_at`, `uploaded_at`) VALUES (16, 'iusto', 'http://heidenreich.info/', '1996-12-20', '2018-05-29');
INSERT INTO `playlists` (`id`, `name`, `cover_img`, `created_at`, `uploaded_at`) VALUES (17, 'enim', 'http://www.harvey.com/', '2014-03-04', '2006-02-18');
INSERT INTO `playlists` (`id`, `name`, `cover_img`, `created_at`, `uploaded_at`) VALUES (18, 'non', 'http://schultz.net/', '2006-07-31', '2003-09-23');

INSERT INTO `artists` (`id`, `name`, `created_at`, `uploaded_at`) VALUES (1, 'Garrison', '1982-12-28', '1994-02-01');
INSERT INTO `artists` (`id`, `name`, `created_at`, `uploaded_at`) VALUES (2, 'Mitchel', '1976-12-27', '2011-06-24');
INSERT INTO `artists` (`id`, `name`, `created_at`, `uploaded_at`) VALUES (3, 'Kristofer', '2011-03-27', '2001-09-14');
INSERT INTO `artists` (`id`, `name`, `created_at`, `uploaded_at`) VALUES (4, 'Katlyn', '2014-04-23', '1979-12-12');
INSERT INTO `artists` (`id`, `name`, `created_at`, `uploaded_at`) VALUES (5, 'Phyllis', '1986-11-25', '1992-05-29');
INSERT INTO `artists` (`id`, `name`, `created_at`, `uploaded_at`) VALUES (6, 'Terrance', '1995-06-04', '1990-01-12');
INSERT INTO `artists` (`id`, `name`, `created_at`, `uploaded_at`) VALUES (7, 'Enola', '2013-05-26', '1981-07-17');
INSERT INTO `artists` (`id`, `name`, `created_at`, `uploaded_at`) VALUES (8, 'Rhiannon', '2011-12-12', '1982-12-13');
INSERT INTO `artists` (`id`, `name`, `created_at`, `uploaded_at`) VALUES (9, 'Torrance', '1991-07-03', '2019-05-03');
INSERT INTO `artists` (`id`, `name`, `created_at`, `uploaded_at`) VALUES (10, 'Minnie', '1988-04-08', '1993-01-02');
INSERT INTO `artists` (`id`, `name`, `created_at`, `uploaded_at`) VALUES (11, 'Trevion', '1994-10-01', '1977-04-29');
INSERT INTO `artists` (`id`, `name`, `created_at`, `uploaded_at`) VALUES (12, 'Erin', '2008-07-08', '1997-04-13');

INSERT INTO `albums` (`id`, `artist_id`, `name`, `cover_img`, `created_at`, `uploaded_at`) VALUES (1, 1, 'Omnis officiis voluptatem itaque dicta.', 'http://shields.com/', '1996-12-31', '1993-08-30');
INSERT INTO `albums` (`id`, `artist_id`, `name`, `cover_img`, `created_at`, `uploaded_at`) VALUES (2, 2, 'Quos eum dolor assumenda tenetur accusantium et nemo.', 'http://www.hintzarmstrong.biz/', '1984-01-22', '1981-07-02');
INSERT INTO `albums` (`id`, `artist_id`, `name`, `cover_img`, `created_at`, `uploaded_at`) VALUES (3, 3, 'Dignissimos iusto laborum libero aut qui qui odit.', 'http://abshire.info/', '1970-10-12', '1973-01-21');
INSERT INTO `albums` (`id`, `artist_id`, `name`, `cover_img`, `created_at`, `uploaded_at`) VALUES (4, 4, 'Qui vitae et sit perferendis hic ea vitae aperiam.', 'http://www.hauck.com/', '1970-10-02', '2001-02-05');
INSERT INTO `albums` (`id`, `artist_id`, `name`, `cover_img`, `created_at`, `uploaded_at`) VALUES (5, 5, 'Quo eligendi vel inventore repellendus.', 'http://hettinger.com/', '2013-06-17', '1973-06-20');
INSERT INTO `albums` (`id`, `artist_id`, `name`, `cover_img`, `created_at`, `uploaded_at`) VALUES (6, 6, 'Architecto quos ipsa impedit quia laboriosam voluptas.', 'http://kihnwisoky.com/', '2007-10-26', '2009-09-23');
INSERT INTO `albums` (`id`, `artist_id`, `name`, `cover_img`, `created_at`, `uploaded_at`) VALUES (7, 7, 'Ipsum voluptatem facere odio aut fuga quo rerum sed.', 'http://www.olsonbarrows.org/', '2006-02-18', '2019-04-18');
INSERT INTO `albums` (`id`, `artist_id`, `name`, `cover_img`, `created_at`, `uploaded_at`) VALUES (8, 8, 'Corporis velit esse voluptas.', 'http://altenwerthmayer.biz/', '1979-02-11', '2009-04-24');
INSERT INTO `albums` (`id`, `artist_id`, `name`, `cover_img`, `created_at`, `uploaded_at`) VALUES (9, 9, 'Iure possimus ducimus aspernatur expedita.', 'http://www.hermann.com/', '1984-09-09', '1987-12-23');
INSERT INTO `albums` (`id`, `artist_id`, `name`, `cover_img`, `created_at`, `uploaded_at`) VALUES (10, 10, 'Inventore ipsum est illum magni rerum.', 'http://www.sauerwelch.net/', '1998-06-05', '1973-08-21');
INSERT INTO `albums` (`id`, `artist_id`, `name`, `cover_img`, `created_at`, `uploaded_at`) VALUES (11, 11, 'Vitae quae nihil voluptas.', 'http://www.ryan.org/', '1986-07-18', '1976-01-28');
INSERT INTO `albums` (`id`, `artist_id`, `name`, `cover_img`, `created_at`, `uploaded_at`) VALUES (12, 12, 'Sit et minima quibusdam eum sunt esse.', 'http://www.brakus.com/', '1978-08-22', '1990-03-13');
INSERT INTO `albums` (`id`, `artist_id`, `name`, `cover_img`, `created_at`, `uploaded_at`) VALUES (13, 1, 'Quo voluptas consequatur rerum molestiae aut.', 'http://smithammarvin.info/', '1975-05-13', '2007-10-17');
INSERT INTO `albums` (`id`, `artist_id`, `name`, `cover_img`, `created_at`, `uploaded_at`) VALUES (14, 2, 'Minima omnis odio incidunt esse.', 'http://www.reingerschaden.com/', '1979-10-22', '2005-12-09');
INSERT INTO `albums` (`id`, `artist_id`, `name`, `cover_img`, `created_at`, `uploaded_at`) VALUES (15, 3, 'Reiciendis eaque qui in eaque in amet.', 'http://ledner.com/', '2017-07-29', '1982-05-02');
INSERT INTO `albums` (`id`, `artist_id`, `name`, `cover_img`, `created_at`, `uploaded_at`) VALUES (16, 4, 'Ea fuga saepe harum.', 'http://oconnellbashirian.com/', '1990-03-03', '1976-10-15');
INSERT INTO `albums` (`id`, `artist_id`, `name`, `cover_img`, `created_at`, `uploaded_at`) VALUES (17, 5, 'Sit cum est sit deleniti et et.', 'http://abbott.com/', '2019-09-13', '1977-02-03');
INSERT INTO `albums` (`id`, `artist_id`, `name`, `cover_img`, `created_at`, `uploaded_at`) VALUES (18, 6, 'Eius sequi ab repellat aut in quod ipsa qui.', 'http://www.gleichner.com/', '1990-02-15', '1979-12-11');
INSERT INTO `albums` (`id`, `artist_id`, `name`, `cover_img`, `created_at`, `uploaded_at`) VALUES (19, 7, 'Doloremque cumque aliquid non omnis.', 'http://www.schowalterkozey.biz/', '1986-05-09', '1997-06-12');
INSERT INTO `albums` (`id`, `artist_id`, `name`, `cover_img`, `created_at`, `uploaded_at`) VALUES (20, 8, 'Repellat optio similique autem.', 'http://www.hintz.org/', '1973-03-07', '1991-10-13');
INSERT INTO `albums` (`id`, `artist_id`, `name`, `cover_img`, `created_at`, `uploaded_at`) VALUES (21, 9, 'Commodi at expedita consequatur aut accusamus facilis quia dolorem.', 'http://www.mosciskihettinger.com/', '1970-09-22', '2003-09-10');
INSERT INTO `albums` (`id`, `artist_id`, `name`, `cover_img`, `created_at`, `uploaded_at`) VALUES (22, 10, 'Sed laborum beatae fugit aut enim sit.', 'http://senger.com/', '2004-07-11', '2012-01-24');
INSERT INTO `albums` (`id`, `artist_id`, `name`, `cover_img`, `created_at`, `uploaded_at`) VALUES (23, 11, 'Et debitis laboriosam repellat ipsa voluptas.', 'http://www.raynor.com/', '2003-11-22', '1983-10-15');
INSERT INTO `albums` (`id`, `artist_id`, `name`, `cover_img`, `created_at`, `uploaded_at`) VALUES (24, 12, 'Ipsa sunt eos qui hic accusamus eos voluptas.', 'http://skiles.info/', '2000-04-22', '1991-12-01');
INSERT INTO `albums` (`id`, `artist_id`, `name`, `cover_img`, `created_at`, `uploaded_at`) VALUES (25, 1, 'Sapiente totam ut doloribus eius ipsa at at.', 'http://www.hamill.com/', '1982-09-27', '2003-09-25');
INSERT INTO `albums` (`id`, `artist_id`, `name`, `cover_img`, `created_at`, `uploaded_at`) VALUES (26, 2, 'Amet blanditiis quis aliquid minus et.', 'http://www.kuhn.info/', '2011-05-21', '1973-06-17');
INSERT INTO `albums` (`id`, `artist_id`, `name`, `cover_img`, `created_at`, `uploaded_at`) VALUES (27, 3, 'Aperiam nobis eveniet earum autem.', 'http://gorczany.com/', '1988-02-03', '1974-04-11');

INSERT INTO `songs` (`id`, `youtube_link`, `album_id`, `artist_id`, `title`, `length`, `track_number`, `lyrics`, `created_at`, `uploaded_at`) VALUES (1, 'http://www.collinsmarvin.com/', 1, 1, 'officiis', '00:52:18', 8, NULL, '2014-08-07', '1996-11-10');
INSERT INTO `songs` (`id`, `youtube_link`, `album_id`, `artist_id`, `title`, `length`, `track_number`, `lyrics`, `created_at`, `uploaded_at`) VALUES (2, 'http://www.franecki.net/', 2, 2, 'in', '00:47:32', 6, NULL, '1980-08-16', '1979-02-12');
INSERT INTO `songs` (`id`, `youtube_link`, `album_id`, `artist_id`, `title`, `length`, `track_number`, `lyrics`, `created_at`, `uploaded_at`) VALUES (3, 'http://feeney.org/', 3, 3, 'animi', '00:54:37', 4, NULL, '2020-04-01', '2017-04-25');
INSERT INTO `songs` (`id`, `youtube_link`, `album_id`, `artist_id`, `title`, `length`, `track_number`, `lyrics`, `created_at`, `uploaded_at`) VALUES (4, 'http://www.bernhard.com/', 4, 4, 'dignissimos', '00:29:28', 13, NULL, '2005-07-27', '1988-11-08');
INSERT INTO `songs` (`id`, `youtube_link`, `album_id`, `artist_id`, `title`, `length`, `track_number`, `lyrics`, `created_at`, `uploaded_at`) VALUES (5, 'http://www.witting.com/', 5, 5, 'vero', '00:07:02', 14, NULL, '2001-06-15', '1989-03-17');
INSERT INTO `songs` (`id`, `youtube_link`, `album_id`, `artist_id`, `title`, `length`, `track_number`, `lyrics`, `created_at`, `uploaded_at`) VALUES (6, 'http://hegmannrenner.biz/', 6, 6, 'debitis', '00:08:56', 15, NULL, '1997-03-19', '2015-07-13');
INSERT INTO `songs` (`id`, `youtube_link`, `album_id`, `artist_id`, `title`, `length`, `track_number`, `lyrics`, `created_at`, `uploaded_at`) VALUES (7, 'http://lowe.net/', 7, 7, 'voluptas', '00:17:12', 12, NULL, '1982-09-08', '1982-07-04');
INSERT INTO `songs` (`id`, `youtube_link`, `album_id`, `artist_id`, `title`, `length`, `track_number`, `lyrics`, `created_at`, `uploaded_at`) VALUES (8, 'http://www.barton.com/', 8, 8, 'sed', '00:19:00', 16, NULL, '1994-05-21', '1998-12-16');
INSERT INTO `songs` (`id`, `youtube_link`, `album_id`, `artist_id`, `title`, `length`, `track_number`, `lyrics`, `created_at`, `uploaded_at`) VALUES (9, 'http://www.west.com/', 9, 9, 'quo', '00:21:30', 17, NULL, '1976-08-23', '2010-11-22');
INSERT INTO `songs` (`id`, `youtube_link`, `album_id`, `artist_id`, `title`, `length`, `track_number`, `lyrics`, `created_at`, `uploaded_at`) VALUES (10, 'http://www.swaniawskijenkins.com/', 10, 10, 'beatae', '00:00:16', 12, NULL, '2005-02-01', '2019-09-04');
INSERT INTO `songs` (`id`, `youtube_link`, `album_id`, `artist_id`, `title`, `length`, `track_number`, `lyrics`, `created_at`, `uploaded_at`) VALUES (11, 'http://www.okuneva.com/', 11, 11, 'inventore', '00:12:04', 19, NULL, '1979-10-12', '1984-01-27');
INSERT INTO `songs` (`id`, `youtube_link`, `album_id`, `artist_id`, `title`, `length`, `track_number`, `lyrics`, `created_at`, `uploaded_at`) VALUES (12, 'http://www.kihnhagenes.com/', 12, 12, 'perferendis', '00:48:21', 5, NULL, '1980-04-28', '2000-08-21');
INSERT INTO `songs` (`id`, `youtube_link`, `album_id`, `artist_id`, `title`, `length`, `track_number`, `lyrics`, `created_at`, `uploaded_at`) VALUES (13, 'http://www.littlehuel.net/', 13, 1, 'autem', '00:15:24', 7, NULL, '1980-12-14', '1973-07-27');
INSERT INTO `songs` (`id`, `youtube_link`, `album_id`, `artist_id`, `title`, `length`, `track_number`, `lyrics`, `created_at`, `uploaded_at`) VALUES (14, 'http://cartwrightglover.net/', 14, 2, 'reprehenderit', '00:19:13', 17, NULL, '1971-04-18', '2012-09-16');
INSERT INTO `songs` (`id`, `youtube_link`, `album_id`, `artist_id`, `title`, `length`, `track_number`, `lyrics`, `created_at`, `uploaded_at`) VALUES (15, 'http://www.dickinson.com/', 15, 3, 'ut', '00:02:23', 22, NULL, '1974-03-26', '1977-05-13');
INSERT INTO `songs` (`id`, `youtube_link`, `album_id`, `artist_id`, `title`, `length`, `track_number`, `lyrics`, `created_at`, `uploaded_at`) VALUES (16, 'http://mann.com/', 16, 4, 'maiores', '00:54:25', 12, NULL, '1998-03-21', '2006-10-20');
INSERT INTO `songs` (`id`, `youtube_link`, `album_id`, `artist_id`, `title`, `length`, `track_number`, `lyrics`, `created_at`, `uploaded_at`) VALUES (17, 'http://abernathyaltenwerth.com/', 17, 5, 'quibusdam', '00:09:31', 8, NULL, '1975-02-23', '1974-10-17');
INSERT INTO `songs` (`id`, `youtube_link`, `album_id`, `artist_id`, `title`, `length`, `track_number`, `lyrics`, `created_at`, `uploaded_at`) VALUES (18, 'http://wuckertbartell.com/', 18, 6, 'voluptas', '00:40:49', 3, NULL, '1993-05-02', '2016-02-23');
INSERT INTO `songs` (`id`, `youtube_link`, `album_id`, `artist_id`, `title`, `length`, `track_number`, `lyrics`, `created_at`, `uploaded_at`) VALUES (19, 'http://www.larson.com/', 19, 7, 'placeat', '00:01:33', 23, NULL, '2018-06-21', '1982-01-22');
INSERT INTO `songs` (`id`, `youtube_link`, `album_id`, `artist_id`, `title`, `length`, `track_number`, `lyrics`, `created_at`, `uploaded_at`) VALUES (20, 'http://www.trantow.com/', 20, 8, 'omnis', '00:26:21', 13, NULL, '1970-04-09', '1976-03-07');
INSERT INTO `songs` (`id`, `youtube_link`, `album_id`, `artist_id`, `title`, `length`, `track_number`, `lyrics`, `created_at`, `uploaded_at`) VALUES (21, 'http://www.lakin.com/', 21, 9, 'et', '00:10:05', 21, NULL, '2018-05-21', '2004-12-25');
INSERT INTO `songs` (`id`, `youtube_link`, `album_id`, `artist_id`, `title`, `length`, `track_number`, `lyrics`, `created_at`, `uploaded_at`) VALUES (22, 'http://schusterwhite.com/', 22, 10, 'qui', '00:35:42', 4, NULL, '1997-05-07', '2006-04-13');
INSERT INTO `songs` (`id`, `youtube_link`, `album_id`, `artist_id`, `title`, `length`, `track_number`, `lyrics`, `created_at`, `uploaded_at`) VALUES (23, 'http://volkman.com/', 23, 11, 'voluptatibus', '00:27:12', 3, NULL, '1990-11-24', '2000-03-12');
INSERT INTO `songs` (`id`, `youtube_link`, `album_id`, `artist_id`, `title`, `length`, `track_number`, `lyrics`, `created_at`, `uploaded_at`) VALUES (24, 'http://www.wisozk.com/', 24, 12, 'ab', '00:00:34', 4, NULL, '2001-02-22', '2006-02-11');
INSERT INTO `songs` (`id`, `youtube_link`, `album_id`, `artist_id`, `title`, `length`, `track_number`, `lyrics`, `created_at`, `uploaded_at`) VALUES (25, 'http://abshire.com/', 25, 1, 'in', '00:09:19', 21, NULL, '2002-09-13', '1974-05-29');
INSERT INTO `songs` (`id`, `youtube_link`, `album_id`, `artist_id`, `title`, `length`, `track_number`, `lyrics`, `created_at`, `uploaded_at`) VALUES (26, 'http://www.baileycorkery.com/', 26, 2, 'velit', '00:07:56', 7, NULL, '2000-09-15', '1989-09-26');
INSERT INTO `songs` (`id`, `youtube_link`, `album_id`, `artist_id`, `title`, `length`, `track_number`, `lyrics`, `created_at`, `uploaded_at`) VALUES (27, 'http://willsmitham.com/', 27, 3, 'architecto', '00:57:30', 21, NULL, '2001-02-07', '2018-07-07');
INSERT INTO `songs` (`id`, `youtube_link`, `album_id`, `artist_id`, `title`, `length`, `track_number`, `lyrics`, `created_at`, `uploaded_at`) VALUES (28, 'http://okeefe.com/', 1, 4, 'suscipit', '00:24:06', 17, NULL, '1981-11-11', '2012-02-19');
INSERT INTO `songs` (`id`, `youtube_link`, `album_id`, `artist_id`, `title`, `length`, `track_number`, `lyrics`, `created_at`, `uploaded_at`) VALUES (29, 'http://www.auer.com/', 2, 5, 'impedit', '00:45:23', 8, NULL, '1985-04-30', '2010-10-23');
INSERT INTO `songs` (`id`, `youtube_link`, `album_id`, `artist_id`, `title`, `length`, `track_number`, `lyrics`, `created_at`, `uploaded_at`) VALUES (30, 'http://hesselruecker.biz/', 3, 6, 'cumque', '00:22:06', 22, NULL, '2019-05-05', '1981-04-08');
INSERT INTO `songs` (`id`, `youtube_link`, `album_id`, `artist_id`, `title`, `length`, `track_number`, `lyrics`, `created_at`, `uploaded_at`) VALUES (31, 'http://www.nicolas.com/', 4, 7, 'architecto', '00:09:51', 20, NULL, '2012-10-20', '1971-09-01');
INSERT INTO `songs` (`id`, `youtube_link`, `album_id`, `artist_id`, `title`, `length`, `track_number`, `lyrics`, `created_at`, `uploaded_at`) VALUES (32, 'http://www.koss.com/', 5, 8, 'facere', '00:00:21', 21, NULL, '2006-05-28', '2017-02-12');
INSERT INTO `songs` (`id`, `youtube_link`, `album_id`, `artist_id`, `title`, `length`, `track_number`, `lyrics`, `created_at`, `uploaded_at`) VALUES (33, 'http://www.cummings.com/', 6, 9, 'et', '00:53:31', 9, NULL, '1988-03-20', '2018-10-26');
INSERT INTO `songs` (`id`, `youtube_link`, `album_id`, `artist_id`, `title`, `length`, `track_number`, `lyrics`, `created_at`, `uploaded_at`) VALUES (34, 'http://www.abshire.com/', 7, 10, 'et', '00:26:13', 3, NULL, '1972-11-08', '1981-11-06');
INSERT INTO `songs` (`id`, `youtube_link`, `album_id`, `artist_id`, `title`, `length`, `track_number`, `lyrics`, `created_at`, `uploaded_at`) VALUES (35, 'http://senger.com/', 8, 11, 'autem', '00:46:30', 23, NULL, '1972-05-13', '1971-05-16');
INSERT INTO `songs` (`id`, `youtube_link`, `album_id`, `artist_id`, `title`, `length`, `track_number`, `lyrics`, `created_at`, `uploaded_at`) VALUES (36, 'http://www.haley.net/', 9, 12, 'cupiditate', '00:00:48', 22, NULL, '2019-11-22', '1995-12-11');
INSERT INTO `songs` (`id`, `youtube_link`, `album_id`, `artist_id`, `title`, `length`, `track_number`, `lyrics`, `created_at`, `uploaded_at`) VALUES (37, 'http://www.cassingutkowski.com/', 10, 1, 'qui', '00:30:53', 15, NULL, '1974-05-25', '1970-01-24');
INSERT INTO `songs` (`id`, `youtube_link`, `album_id`, `artist_id`, `title`, `length`, `track_number`, `lyrics`, `created_at`, `uploaded_at`) VALUES (38, 'http://boyer.org/', 11, 2, 'enim', '00:41:19', 14, NULL, '2004-08-18', '1991-12-03');
INSERT INTO `songs` (`id`, `youtube_link`, `album_id`, `artist_id`, `title`, `length`, `track_number`, `lyrics`, `created_at`, `uploaded_at`) VALUES (39, 'http://www.will.info/', 12, 3, 'enim', '00:14:15', 7, NULL, '2015-07-13', '2016-06-04');
INSERT INTO `songs` (`id`, `youtube_link`, `album_id`, `artist_id`, `title`, `length`, `track_number`, `lyrics`, `created_at`, `uploaded_at`) VALUES (40, 'http://hodkiewiczkoepp.net/', 13, 4, 'consequuntur', '00:43:49', 17, NULL, '1986-08-15', '1992-10-31');
INSERT INTO `songs` (`id`, `youtube_link`, `album_id`, `artist_id`, `title`, `length`, `track_number`, `lyrics`, `created_at`, `uploaded_at`) VALUES (41, 'http://johns.com/', 14, 5, 'quo', '00:50:53', 21, NULL, '1986-04-15', '1981-11-12');
INSERT INTO `songs` (`id`, `youtube_link`, `album_id`, `artist_id`, `title`, `length`, `track_number`, `lyrics`, `created_at`, `uploaded_at`) VALUES (42, 'http://nienow.com/', 15, 6, 'et', '00:33:41', 8, NULL, '2004-06-03', '2012-11-03');
INSERT INTO `songs` (`id`, `youtube_link`, `album_id`, `artist_id`, `title`, `length`, `track_number`, `lyrics`, `created_at`, `uploaded_at`) VALUES (43, 'http://bechtelar.com/', 16, 7, 'mollitia', '00:57:57', 11, NULL, '1975-01-25', '1980-10-23');
INSERT INTO `songs` (`id`, `youtube_link`, `album_id`, `artist_id`, `title`, `length`, `track_number`, `lyrics`, `created_at`, `uploaded_at`) VALUES (44, 'http://pacochahickle.com/', 17, 8, 'placeat', '00:59:14', 22, NULL, '2017-02-14', '1974-05-26');
INSERT INTO `songs` (`id`, `youtube_link`, `album_id`, `artist_id`, `title`, `length`, `track_number`, `lyrics`, `created_at`, `uploaded_at`) VALUES (45, 'http://www.kingpouros.com/', 18, 9, 'laudantium', '00:48:45', 17, NULL, '1989-01-30', '1970-08-22');
INSERT INTO `songs` (`id`, `youtube_link`, `album_id`, `artist_id`, `title`, `length`, `track_number`, `lyrics`, `created_at`, `uploaded_at`) VALUES (46, 'http://www.beatty.com/', 19, 10, 'voluptates', '00:50:32', 7, NULL, '2011-07-27', '1991-03-22');
INSERT INTO `songs` (`id`, `youtube_link`, `album_id`, `artist_id`, `title`, `length`, `track_number`, `lyrics`, `created_at`, `uploaded_at`) VALUES (47, 'http://www.wizapouros.com/', 20, 11, 'vel', '00:29:31', 19, NULL, '2004-07-24', '2005-06-14');
INSERT INTO `songs` (`id`, `youtube_link`, `album_id`, `artist_id`, `title`, `length`, `track_number`, `lyrics`, `created_at`, `uploaded_at`) VALUES (48, 'http://www.price.org/', 21, 12, 'rerum', '00:02:53', 12, NULL, '2012-03-02', '1996-01-08');
INSERT INTO `songs` (`id`, `youtube_link`, `album_id`, `artist_id`, `title`, `length`, `track_number`, `lyrics`, `created_at`, `uploaded_at`) VALUES (49, 'http://www.grantokon.com/', 22, 1, 'eos', '00:29:16', 19, NULL, '2004-04-11', '1985-03-29');
INSERT INTO `songs` (`id`, `youtube_link`, `album_id`, `artist_id`, `title`, `length`, `track_number`, `lyrics`, `created_at`, `uploaded_at`) VALUES (50, 'http://www.lesch.com/', 23, 2, 'deleniti', '00:43:20', 5, NULL, '1995-08-24', '1992-02-16');
INSERT INTO `songs` (`id`, `youtube_link`, `album_id`, `artist_id`, `title`, `length`, `track_number`, `lyrics`, `created_at`, `uploaded_at`) VALUES (51, 'http://www.barton.net/', 24, 3, 'sequi', '00:25:01', 15, NULL, '2015-01-14', '2000-08-16');
INSERT INTO `songs` (`id`, `youtube_link`, `album_id`, `artist_id`, `title`, `length`, `track_number`, `lyrics`, `created_at`, `uploaded_at`) VALUES (52, 'http://www.fay.info/', 25, 4, 'ut', '00:49:53', 19, NULL, '1977-04-05', '2013-10-08');
INSERT INTO `songs` (`id`, `youtube_link`, `album_id`, `artist_id`, `title`, `length`, `track_number`, `lyrics`, `created_at`, `uploaded_at`) VALUES (53, 'http://windler.com/', 26, 5, 'nihil', '00:18:22', 20, NULL, '1995-02-17', '2002-05-24');
INSERT INTO `songs` (`id`, `youtube_link`, `album_id`, `artist_id`, `title`, `length`, `track_number`, `lyrics`, `created_at`, `uploaded_at`) VALUES (54, 'http://www.bogisich.com/', 27, 6, 'vitae', '00:01:57', 18, NULL, '2010-08-26', '2000-09-19');
INSERT INTO `songs` (`id`, `youtube_link`, `album_id`, `artist_id`, `title`, `length`, `track_number`, `lyrics`, `created_at`, `uploaded_at`) VALUES (55, 'http://harris.com/', 1, 7, 'ut', '00:14:27', 18, NULL, '2015-01-22', '1996-12-17');
INSERT INTO `songs` (`id`, `youtube_link`, `album_id`, `artist_id`, `title`, `length`, `track_number`, `lyrics`, `created_at`, `uploaded_at`) VALUES (56, 'http://www.gerlach.com/', 2, 8, 'culpa', '00:25:56', 7, NULL, '2003-04-16', '1999-02-20');
INSERT INTO `songs` (`id`, `youtube_link`, `album_id`, `artist_id`, `title`, `length`, `track_number`, `lyrics`, `created_at`, `uploaded_at`) VALUES (57, 'http://wolff.info/', 3, 9, 'ut', '00:12:39', 11, NULL, '2012-04-15', '2016-08-20');
INSERT INTO `songs` (`id`, `youtube_link`, `album_id`, `artist_id`, `title`, `length`, `track_number`, `lyrics`, `created_at`, `uploaded_at`) VALUES (58, 'http://hills.biz/', 4, 10, 'quasi', '00:17:59', 14, NULL, '1989-04-18', '1996-07-18');
INSERT INTO `songs` (`id`, `youtube_link`, `album_id`, `artist_id`, `title`, `length`, `track_number`, `lyrics`, `created_at`, `uploaded_at`) VALUES (59, 'http://www.lesch.net/', 5, 11, 'dolorem', '00:20:15', 19, NULL, '2005-10-22', '2009-09-05');
INSERT INTO `songs` (`id`, `youtube_link`, `album_id`, `artist_id`, `title`, `length`, `track_number`, `lyrics`, `created_at`, `uploaded_at`) VALUES (60, 'http://www.kuhic.net/', 6, 12, 'nesciunt', '00:13:55', 10, NULL, '1977-12-13', '1979-02-26');
INSERT INTO `songs` (`id`, `youtube_link`, `album_id`, `artist_id`, `title`, `length`, `track_number`, `lyrics`, `created_at`, `uploaded_at`) VALUES (61, 'http://www.reichel.biz/', 7, 1, 'aut', '00:08:36', 10, NULL, '1996-05-20', '2000-07-13');
INSERT INTO `songs` (`id`, `youtube_link`, `album_id`, `artist_id`, `title`, `length`, `track_number`, `lyrics`, `created_at`, `uploaded_at`) VALUES (62, 'http://www.ziemann.com/', 8, 2, 'sapiente', '00:39:16', 10, NULL, '1976-06-08', '1984-01-10');
INSERT INTO `songs` (`id`, `youtube_link`, `album_id`, `artist_id`, `title`, `length`, `track_number`, `lyrics`, `created_at`, `uploaded_at`) VALUES (63, 'http://www.rogahnherzog.net/', 9, 3, 'praesentium', '00:24:48', 19, NULL, '2020-08-09', '2010-12-17');
INSERT INTO `songs` (`id`, `youtube_link`, `album_id`, `artist_id`, `title`, `length`, `track_number`, `lyrics`, `created_at`, `uploaded_at`) VALUES (64, 'http://www.kirlindubuque.net/', 10, 4, 'dicta', '00:02:27', 17, NULL, '2008-07-14', '1992-04-10');
INSERT INTO `songs` (`id`, `youtube_link`, `album_id`, `artist_id`, `title`, `length`, `track_number`, `lyrics`, `created_at`, `uploaded_at`) VALUES (65, 'http://yundt.org/', 11, 5, 'nihil', '00:03:56', 5, NULL, '1999-04-24', '1982-11-14');
INSERT INTO `songs` (`id`, `youtube_link`, `album_id`, `artist_id`, `title`, `length`, `track_number`, `lyrics`, `created_at`, `uploaded_at`) VALUES (66, 'http://www.hesselrosenbaum.com/', 12, 6, 'ut', '00:47:14', 20, NULL, '1989-11-19', '1996-12-28');
INSERT INTO `songs` (`id`, `youtube_link`, `album_id`, `artist_id`, `title`, `length`, `track_number`, `lyrics`, `created_at`, `uploaded_at`) VALUES (67, 'http://prohaska.info/', 13, 7, 'repudiandae', '00:43:36', 23, NULL, '2013-10-06', '1978-03-02');
INSERT INTO `songs` (`id`, `youtube_link`, `album_id`, `artist_id`, `title`, `length`, `track_number`, `lyrics`, `created_at`, `uploaded_at`) VALUES (68, 'http://www.blanda.net/', 14, 8, 'omnis', '00:02:21', 4, NULL, '2002-05-30', '2011-07-09');
INSERT INTO `songs` (`id`, `youtube_link`, `album_id`, `artist_id`, `title`, `length`, `track_number`, `lyrics`, `created_at`, `uploaded_at`) VALUES (69, 'http://corkery.com/', 15, 9, 'soluta', '00:36:35', 23, NULL, '1983-10-14', '1975-11-29');
INSERT INTO `songs` (`id`, `youtube_link`, `album_id`, `artist_id`, `title`, `length`, `track_number`, `lyrics`, `created_at`, `uploaded_at`) VALUES (70, 'http://beier.com/', 16, 10, 'aperiam', '00:36:47', 18, NULL, '1989-06-06', '1995-08-19');
INSERT INTO `songs` (`id`, `youtube_link`, `album_id`, `artist_id`, `title`, `length`, `track_number`, `lyrics`, `created_at`, `uploaded_at`) VALUES (71, 'http://www.simonis.biz/', 17, 11, 'officiis', '00:10:24', 17, NULL, '1976-02-20', '2012-11-25');
INSERT INTO `songs` (`id`, `youtube_link`, `album_id`, `artist_id`, `title`, `length`, `track_number`, `lyrics`, `created_at`, `uploaded_at`) VALUES (72, 'http://hanedibbert.org/', 18, 12, 'itaque', '00:55:03', 2, NULL, '1994-07-06', '2004-04-15');
INSERT INTO `songs` (`id`, `youtube_link`, `album_id`, `artist_id`, `title`, `length`, `track_number`, `lyrics`, `created_at`, `uploaded_at`) VALUES (73, 'http://rolfson.net/', 19, 1, 'voluptatibus', '00:08:35', 14, NULL, '2004-10-14', '1991-11-25');
INSERT INTO `songs` (`id`, `youtube_link`, `album_id`, `artist_id`, `title`, `length`, `track_number`, `lyrics`, `created_at`, `uploaded_at`) VALUES (74, 'http://bartoletti.biz/', 20, 2, 'dolorem', '00:26:32', 2, NULL, '1986-03-05', '2019-06-17');
INSERT INTO `songs` (`id`, `youtube_link`, `album_id`, `artist_id`, `title`, `length`, `track_number`, `lyrics`, `created_at`, `uploaded_at`) VALUES (75, 'http://kessler.com/', 21, 3, 'illum', '00:50:02', 1, NULL, '1990-07-03', '1989-07-14');
INSERT INTO `songs` (`id`, `youtube_link`, `album_id`, `artist_id`, `title`, `length`, `track_number`, `lyrics`, `created_at`, `uploaded_at`) VALUES (76, 'http://www.hayes.com/', 22, 4, 'sit', '00:06:09', 17, NULL, '2018-06-30', '1986-11-16');
INSERT INTO `songs` (`id`, `youtube_link`, `album_id`, `artist_id`, `title`, `length`, `track_number`, `lyrics`, `created_at`, `uploaded_at`) VALUES (77, 'http://mertz.com/', 23, 5, 'asperiores', '00:29:23', 1, NULL, '2004-03-05', '2011-12-06');
INSERT INTO `songs` (`id`, `youtube_link`, `album_id`, `artist_id`, `title`, `length`, `track_number`, `lyrics`, `created_at`, `uploaded_at`) VALUES (78, 'http://hodkiewicz.com/', 24, 6, 'quo', '00:59:52', 15, NULL, '1989-11-24', '2019-05-15');
INSERT INTO `songs` (`id`, `youtube_link`, `album_id`, `artist_id`, `title`, `length`, `track_number`, `lyrics`, `created_at`, `uploaded_at`) VALUES (79, 'http://tromphaley.com/', 25, 7, 'mollitia', '00:51:17', 3, NULL, '2007-06-03', '1973-11-03');
INSERT INTO `songs` (`id`, `youtube_link`, `album_id`, `artist_id`, `title`, `length`, `track_number`, `lyrics`, `created_at`, `uploaded_at`) VALUES (80, 'http://www.mccullough.biz/', 26, 8, 'ullam', '00:31:54', 15, NULL, '2019-10-02', '1976-10-17');
INSERT INTO `songs` (`id`, `youtube_link`, `album_id`, `artist_id`, `title`, `length`, `track_number`, `lyrics`, `created_at`, `uploaded_at`) VALUES (81, 'http://purdy.com/', 27, 9, 'velit', '00:58:07', 5, NULL, '1990-02-25', '1983-09-12');
INSERT INTO `songs` (`id`, `youtube_link`, `album_id`, `artist_id`, `title`, `length`, `track_number`, `lyrics`, `created_at`, `uploaded_at`) VALUES (82, 'http://www.rosenbaum.com/', 1, 10, 'sapiente', '00:39:24', 21, NULL, '1978-05-12', '1971-05-25');
INSERT INTO `songs` (`id`, `youtube_link`, `album_id`, `artist_id`, `title`, `length`, `track_number`, `lyrics`, `created_at`, `uploaded_at`) VALUES (83, 'http://breitenbergjast.org/', 2, 11, 'sed', '00:38:19', 3, NULL, '2019-02-07', '1996-02-26');
INSERT INTO `songs` (`id`, `youtube_link`, `album_id`, `artist_id`, `title`, `length`, `track_number`, `lyrics`, `created_at`, `uploaded_at`) VALUES (84, 'http://www.hilllhayes.org/', 3, 12, 'iure', '00:47:55', 9, NULL, '2019-03-10', '1997-10-14');
INSERT INTO `songs` (`id`, `youtube_link`, `album_id`, `artist_id`, `title`, `length`, `track_number`, `lyrics`, `created_at`, `uploaded_at`) VALUES (85, 'http://www.parisian.com/', 4, 1, 'rerum', '00:50:20', 9, NULL, '1980-03-11', '1979-09-09');
INSERT INTO `songs` (`id`, `youtube_link`, `album_id`, `artist_id`, `title`, `length`, `track_number`, `lyrics`, `created_at`, `uploaded_at`) VALUES (86, 'http://weber.com/', 5, 2, 'expedita', '00:42:28', 2, NULL, '1976-12-02', '1987-01-20');
INSERT INTO `songs` (`id`, `youtube_link`, `album_id`, `artist_id`, `title`, `length`, `track_number`, `lyrics`, `created_at`, `uploaded_at`) VALUES (87, 'http://hanequigley.com/', 6, 3, 'deleniti', '00:33:09', 5, NULL, '1972-03-25', '2008-05-15');
INSERT INTO `songs` (`id`, `youtube_link`, `album_id`, `artist_id`, `title`, `length`, `track_number`, `lyrics`, `created_at`, `uploaded_at`) VALUES (88, 'http://hilpertpowlowski.info/', 7, 4, 'dolorum', '00:30:47', 10, NULL, '1993-12-05', '1998-09-02');
INSERT INTO `songs` (`id`, `youtube_link`, `album_id`, `artist_id`, `title`, `length`, `track_number`, `lyrics`, `created_at`, `uploaded_at`) VALUES (89, 'http://www.runtejacobson.org/', 8, 5, 'quia', '00:47:50', 14, NULL, '1993-09-17', '1990-12-11');
INSERT INTO `songs` (`id`, `youtube_link`, `album_id`, `artist_id`, `title`, `length`, `track_number`, `lyrics`, `created_at`, `uploaded_at`) VALUES (90, 'http://www.kohler.com/', 9, 6, 'dolor', '00:43:08', 21, NULL, '2005-11-12', '1994-12-08');
INSERT INTO `songs` (`id`, `youtube_link`, `album_id`, `artist_id`, `title`, `length`, `track_number`, `lyrics`, `created_at`, `uploaded_at`) VALUES (91, 'http://greenholtvolkman.com/', 10, 7, 'sed', '00:49:56', 4, NULL, '1989-05-09', '1989-10-15');
INSERT INTO `songs` (`id`, `youtube_link`, `album_id`, `artist_id`, `title`, `length`, `track_number`, `lyrics`, `created_at`, `uploaded_at`) VALUES (92, 'http://eichmannheathcote.com/', 11, 8, 'cumque', '00:27:40', 15, NULL, '1976-10-16', '1975-01-29');
INSERT INTO `songs` (`id`, `youtube_link`, `album_id`, `artist_id`, `title`, `length`, `track_number`, `lyrics`, `created_at`, `uploaded_at`) VALUES (93, 'http://www.simonis.com/', 12, 9, 'sed', '00:57:30', 7, NULL, '2009-04-18', '1996-11-25');
INSERT INTO `songs` (`id`, `youtube_link`, `album_id`, `artist_id`, `title`, `length`, `track_number`, `lyrics`, `created_at`, `uploaded_at`) VALUES (94, 'http://www.reichertlueilwitz.info/', 13, 10, 'maiores', '00:36:50', 11, NULL, '1996-09-07', '1975-11-30');
INSERT INTO `songs` (`id`, `youtube_link`, `album_id`, `artist_id`, `title`, `length`, `track_number`, `lyrics`, `created_at`, `uploaded_at`) VALUES (95, 'http://www.reilly.com/', 14, 11, 'laudantium', '00:37:51', 21, NULL, '2010-12-26', '2008-01-30');
INSERT INTO `songs` (`id`, `youtube_link`, `album_id`, `artist_id`, `title`, `length`, `track_number`, `lyrics`, `created_at`, `uploaded_at`) VALUES (96, 'http://www.schumm.com/', 15, 12, 'dolor', '00:40:30', 9, NULL, '2004-07-09', '2002-02-05');
INSERT INTO `songs` (`id`, `youtube_link`, `album_id`, `artist_id`, `title`, `length`, `track_number`, `lyrics`, `created_at`, `uploaded_at`) VALUES (97, 'http://bashirianvonrueden.com/', 16, 1, 'molestias', '00:38:24', 7, NULL, '1999-09-01', '1982-02-14');
INSERT INTO `songs` (`id`, `youtube_link`, `album_id`, `artist_id`, `title`, `length`, `track_number`, `lyrics`, `created_at`, `uploaded_at`) VALUES (98, 'http://nicolas.com/', 17, 2, 'aut', '00:04:04', 22, NULL, '1981-09-22', '1982-07-09');
INSERT INTO `songs` (`id`, `youtube_link`, `album_id`, `artist_id`, `title`, `length`, `track_number`, `lyrics`, `created_at`, `uploaded_at`) VALUES (99, 'http://smith.com/', 18, 3, 'fugit', '00:24:56', 21, NULL, '1979-08-04', '1991-06-21');
INSERT INTO `songs` (`id`, `youtube_link`, `album_id`, `artist_id`, `title`, `length`, `track_number`, `lyrics`, `created_at`, `uploaded_at`) VALUES (100, 'http://bogan.biz/', 19, 4, 'quod', '00:59:51', 16, NULL, '2018-02-23', '1971-01-21');
INSERT INTO `songs` (`id`, `youtube_link`, `album_id`, `artist_id`, `title`, `length`, `track_number`, `lyrics`, `created_at`, `uploaded_at`) VALUES (101, 'http://larsonhagenes.net/', 20, 5, 'et', '00:51:54', 2, NULL, '1995-01-18', '2016-12-23');
INSERT INTO `songs` (`id`, `youtube_link`, `album_id`, `artist_id`, `title`, `length`, `track_number`, `lyrics`, `created_at`, `uploaded_at`) VALUES (102, 'http://www.keeling.com/', 21, 6, 'quod', '00:28:17', 8, NULL, '1985-05-25', '1995-10-09');
INSERT INTO `songs` (`id`, `youtube_link`, `album_id`, `artist_id`, `title`, `length`, `track_number`, `lyrics`, `created_at`, `uploaded_at`) VALUES (103, 'http://ohara.com/', 22, 7, 'repellendus', '00:40:44', 6, NULL, '2011-06-24', '1995-10-06');
INSERT INTO `songs` (`id`, `youtube_link`, `album_id`, `artist_id`, `title`, `length`, `track_number`, `lyrics`, `created_at`, `uploaded_at`) VALUES (104, 'http://www.prosacco.net/', 23, 8, 'eos', '00:58:38', 16, NULL, '2001-11-05', '2003-01-08');
INSERT INTO `songs` (`id`, `youtube_link`, `album_id`, `artist_id`, `title`, `length`, `track_number`, `lyrics`, `created_at`, `uploaded_at`) VALUES (105, 'http://tromp.org/', 24, 9, 'ea', '00:24:29', 18, NULL, '1978-04-03', '2003-12-25');
INSERT INTO `songs` (`id`, `youtube_link`, `album_id`, `artist_id`, `title`, `length`, `track_number`, `lyrics`, `created_at`, `uploaded_at`) VALUES (106, 'http://www.blick.com/', 25, 10, 'odit', '00:57:12', 17, NULL, '2003-06-20', '2017-11-13');
INSERT INTO `songs` (`id`, `youtube_link`, `album_id`, `artist_id`, `title`, `length`, `track_number`, `lyrics`, `created_at`, `uploaded_at`) VALUES (107, 'http://www.schimmel.net/', 26, 11, 'sint', '00:29:19', 20, NULL, '2016-12-10', '1989-01-09');
INSERT INTO `songs` (`id`, `youtube_link`, `album_id`, `artist_id`, `title`, `length`, `track_number`, `lyrics`, `created_at`, `uploaded_at`) VALUES (108, 'http://www.schaden.info/', 27, 12, 'officia', '00:33:42', 16, NULL, '2013-05-07', '1973-01-13');
INSERT INTO `songs` (`id`, `youtube_link`, `album_id`, `artist_id`, `title`, `length`, `track_number`, `lyrics`, `created_at`, `uploaded_at`) VALUES (109, 'http://oconner.net/', 1, 1, 'distinctio', '00:26:16', 5, NULL, '1990-06-06', '1995-01-26');
INSERT INTO `songs` (`id`, `youtube_link`, `album_id`, `artist_id`, `title`, `length`, `track_number`, `lyrics`, `created_at`, `uploaded_at`) VALUES (110, 'http://www.davisfeest.com/', 2, 2, 'et', '00:46:20', 8, NULL, '1975-08-14', '1980-06-29');
INSERT INTO `songs` (`id`, `youtube_link`, `album_id`, `artist_id`, `title`, `length`, `track_number`, `lyrics`, `created_at`, `uploaded_at`) VALUES (111, 'http://www.corwinkuhlman.com/', 3, 3, 'voluptatem', '00:00:17', 17, NULL, '2015-11-13', '1981-01-02');
INSERT INTO `songs` (`id`, `youtube_link`, `album_id`, `artist_id`, `title`, `length`, `track_number`, `lyrics`, `created_at`, `uploaded_at`) VALUES (112, 'http://www.larson.com/', 4, 4, 'expedita', '00:26:22', 23, NULL, '2013-03-06', '1989-12-07');
INSERT INTO `songs` (`id`, `youtube_link`, `album_id`, `artist_id`, `title`, `length`, `track_number`, `lyrics`, `created_at`, `uploaded_at`) VALUES (113, 'http://www.breitenberg.com/', 5, 5, 'maiores', '00:22:15', 1, NULL, '1973-02-22', '2013-10-29');
INSERT INTO `songs` (`id`, `youtube_link`, `album_id`, `artist_id`, `title`, `length`, `track_number`, `lyrics`, `created_at`, `uploaded_at`) VALUES (114, 'http://flatley.biz/', 6, 6, 'et', '00:23:54', 13, NULL, '2008-06-10', '1973-08-12');
INSERT INTO `songs` (`id`, `youtube_link`, `album_id`, `artist_id`, `title`, `length`, `track_number`, `lyrics`, `created_at`, `uploaded_at`) VALUES (115, 'http://www.okunevamohr.com/', 7, 7, 'aliquam', '00:54:50', 6, NULL, '2011-06-28', '2009-02-07');
INSERT INTO `songs` (`id`, `youtube_link`, `album_id`, `artist_id`, `title`, `length`, `track_number`, `lyrics`, `created_at`, `uploaded_at`) VALUES (116, 'http://gutkowskibayer.info/', 8, 8, 'eos', '00:41:49', 22, NULL, '2003-03-02', '1998-06-25');
INSERT INTO `songs` (`id`, `youtube_link`, `album_id`, `artist_id`, `title`, `length`, `track_number`, `lyrics`, `created_at`, `uploaded_at`) VALUES (117, 'http://romaguerabreitenberg.com/', 9, 9, 'sed', '00:34:28', 6, NULL, '2019-05-19', '1995-03-25');
INSERT INTO `songs` (`id`, `youtube_link`, `album_id`, `artist_id`, `title`, `length`, `track_number`, `lyrics`, `created_at`, `uploaded_at`) VALUES (118, 'http://www.prohaska.org/', 10, 10, 'architecto', '00:12:44', 11, NULL, '1979-05-22', '1979-01-14');
INSERT INTO `songs` (`id`, `youtube_link`, `album_id`, `artist_id`, `title`, `length`, `track_number`, `lyrics`, `created_at`, `uploaded_at`) VALUES (119, 'http://rowe.org/', 11, 11, 'reprehenderit', '00:37:42', 10, NULL, '1970-07-08', '1977-04-02');
INSERT INTO `songs` (`id`, `youtube_link`, `album_id`, `artist_id`, `title`, `length`, `track_number`, `lyrics`, `created_at`, `uploaded_at`) VALUES (120, 'http://wittingtreutel.net/', 12, 12, 'mollitia', '00:09:58', 16, NULL, '2013-03-13', '2016-10-09');
INSERT INTO `songs` (`id`, `youtube_link`, `album_id`, `artist_id`, `title`, `length`, `track_number`, `lyrics`, `created_at`, `uploaded_at`) VALUES (121, 'http://hamill.info/', 13, 1, 'architecto', '00:11:01', 15, NULL, '2010-01-02', '2019-10-02');
INSERT INTO `songs` (`id`, `youtube_link`, `album_id`, `artist_id`, `title`, `length`, `track_number`, `lyrics`, `created_at`, `uploaded_at`) VALUES (122, 'http://www.balistreri.com/', 14, 2, 'voluptas', '00:24:34', 5, NULL, '2004-08-11', '1997-04-29');
INSERT INTO `songs` (`id`, `youtube_link`, `album_id`, `artist_id`, `title`, `length`, `track_number`, `lyrics`, `created_at`, `uploaded_at`) VALUES (123, 'http://schmitt.net/', 15, 3, 'commodi', '00:58:46', 7, NULL, '1993-08-31', '1986-06-02');
INSERT INTO `songs` (`id`, `youtube_link`, `album_id`, `artist_id`, `title`, `length`, `track_number`, `lyrics`, `created_at`, `uploaded_at`) VALUES (124, 'http://schmitt.biz/', 16, 4, 'nulla', '00:10:24', 7, NULL, '2019-12-13', '1994-07-24');
INSERT INTO `songs` (`id`, `youtube_link`, `album_id`, `artist_id`, `title`, `length`, `track_number`, `lyrics`, `created_at`, `uploaded_at`) VALUES (125, 'http://www.zulauf.info/', 17, 5, 'consequatur', '00:25:07', 8, NULL, '1973-11-08', '2017-04-26');
INSERT INTO `songs` (`id`, `youtube_link`, `album_id`, `artist_id`, `title`, `length`, `track_number`, `lyrics`, `created_at`, `uploaded_at`) VALUES (126, 'http://www.ebert.org/', 18, 6, 'ut', '00:18:54', 11, NULL, '2019-03-15', '2002-08-01');
INSERT INTO `songs` (`id`, `youtube_link`, `album_id`, `artist_id`, `title`, `length`, `track_number`, `lyrics`, `created_at`, `uploaded_at`) VALUES (127, 'http://www.price.com/', 19, 7, 'aut', '00:23:56', 9, NULL, '1984-02-23', '1982-08-08');
INSERT INTO `songs` (`id`, `youtube_link`, `album_id`, `artist_id`, `title`, `length`, `track_number`, `lyrics`, `created_at`, `uploaded_at`) VALUES (128, 'http://www.schuster.com/', 20, 8, 'assumenda', '00:55:35', 19, NULL, '1986-12-15', '2019-03-29');
INSERT INTO `songs` (`id`, `youtube_link`, `album_id`, `artist_id`, `title`, `length`, `track_number`, `lyrics`, `created_at`, `uploaded_at`) VALUES (129, 'http://feeneyprosacco.net/', 21, 9, 'nobis', '00:55:48', 11, NULL, '1986-05-09', '2013-07-17');
INSERT INTO `songs` (`id`, `youtube_link`, `album_id`, `artist_id`, `title`, `length`, `track_number`, `lyrics`, `created_at`, `uploaded_at`) VALUES (130, 'http://wunsch.com/', 22, 10, 'nam', '00:24:06', 14, NULL, '1997-10-14', '2012-10-06');
INSERT INTO `songs` (`id`, `youtube_link`, `album_id`, `artist_id`, `title`, `length`, `track_number`, `lyrics`, `created_at`, `uploaded_at`) VALUES (131, 'http://donnelly.com/', 23, 11, 'quidem', '00:30:27', 9, NULL, '1987-10-08', '2006-03-11');
INSERT INTO `songs` (`id`, `youtube_link`, `album_id`, `artist_id`, `title`, `length`, `track_number`, `lyrics`, `created_at`, `uploaded_at`) VALUES (132, 'http://langworth.com/', 24, 12, 'porro', '00:35:00', 20, NULL, '1998-02-02', '2017-06-01');
INSERT INTO `songs` (`id`, `youtube_link`, `album_id`, `artist_id`, `title`, `length`, `track_number`, `lyrics`, `created_at`, `uploaded_at`) VALUES (133, 'http://lehner.com/', 25, 1, 'repellat', '00:23:05', 7, NULL, '1981-08-10', '2016-10-28');
INSERT INTO `songs` (`id`, `youtube_link`, `album_id`, `artist_id`, `title`, `length`, `track_number`, `lyrics`, `created_at`, `uploaded_at`) VALUES (134, 'http://www.nader.org/', 26, 2, 'aspernatur', '00:16:10', 9, NULL, '1991-05-14', '1995-03-26');
INSERT INTO `songs` (`id`, `youtube_link`, `album_id`, `artist_id`, `title`, `length`, `track_number`, `lyrics`, `created_at`, `uploaded_at`) VALUES (135, 'http://borer.com/', 27, 3, 'id', '00:57:57', 17, NULL, '1981-01-31', '1986-10-15');
INSERT INTO `songs` (`id`, `youtube_link`, `album_id`, `artist_id`, `title`, `length`, `track_number`, `lyrics`, `created_at`, `uploaded_at`) VALUES (136, 'http://stehr.com/', 1, 4, 'similique', '00:24:36', 15, NULL, '1989-03-03', '1982-11-14');
INSERT INTO `songs` (`id`, `youtube_link`, `album_id`, `artist_id`, `title`, `length`, `track_number`, `lyrics`, `created_at`, `uploaded_at`) VALUES (137, 'http://www.predovic.info/', 2, 5, 'nam', '00:04:46', 23, NULL, '2002-12-13', '1994-07-15');
INSERT INTO `songs` (`id`, `youtube_link`, `album_id`, `artist_id`, `title`, `length`, `track_number`, `lyrics`, `created_at`, `uploaded_at`) VALUES (138, 'http://www.bradtkenienow.com/', 3, 6, 'adipisci', '00:34:57', 3, NULL, '2014-03-19', '1983-06-08');
INSERT INTO `songs` (`id`, `youtube_link`, `album_id`, `artist_id`, `title`, `length`, `track_number`, `lyrics`, `created_at`, `uploaded_at`) VALUES (139, 'http://kilback.info/', 4, 7, 'esse', '00:00:47', 8, NULL, '1989-03-19', '1974-03-14');
INSERT INTO `songs` (`id`, `youtube_link`, `album_id`, `artist_id`, `title`, `length`, `track_number`, `lyrics`, `created_at`, `uploaded_at`) VALUES (140, 'http://rippin.biz/', 5, 8, 'dolor', '00:25:59', 13, NULL, '1974-10-10', '1981-03-23');
INSERT INTO `songs` (`id`, `youtube_link`, `album_id`, `artist_id`, `title`, `length`, `track_number`, `lyrics`, `created_at`, `uploaded_at`) VALUES (141, 'http://schmittvolkman.com/', 6, 9, 'rem', '00:44:17', 4, NULL, '2010-07-02', '1991-12-16');
INSERT INTO `songs` (`id`, `youtube_link`, `album_id`, `artist_id`, `title`, `length`, `track_number`, `lyrics`, `created_at`, `uploaded_at`) VALUES (142, 'http://www.ankundingjast.net/', 7, 10, 'autem', '00:43:34', 15, NULL, '1974-06-22', '2003-04-21');
INSERT INTO `songs` (`id`, `youtube_link`, `album_id`, `artist_id`, `title`, `length`, `track_number`, `lyrics`, `created_at`, `uploaded_at`) VALUES (143, 'http://schowalterquitzon.info/', 8, 11, 'tempora', '00:06:20', 8, NULL, '1984-04-04', '2002-08-22');
INSERT INTO `songs` (`id`, `youtube_link`, `album_id`, `artist_id`, `title`, `length`, `track_number`, `lyrics`, `created_at`, `uploaded_at`) VALUES (144, 'http://www.dooleyprohaska.com/', 9, 12, 'perferendis', '00:12:29', 3, NULL, '1980-06-17', '1997-07-16');
INSERT INTO `songs` (`id`, `youtube_link`, `album_id`, `artist_id`, `title`, `length`, `track_number`, `lyrics`, `created_at`, `uploaded_at`) VALUES (145, 'http://balistreri.com/', 10, 1, 'repellendus', '00:37:34', 8, NULL, '2019-01-30', '1976-02-20');
INSERT INTO `songs` (`id`, `youtube_link`, `album_id`, `artist_id`, `title`, `length`, `track_number`, `lyrics`, `created_at`, `uploaded_at`) VALUES (146, 'http://www.schneidercruickshank.org/', 11, 2, 'et', '00:11:13', 15, NULL, '1997-09-28', '1980-08-03');
INSERT INTO `songs` (`id`, `youtube_link`, `album_id`, `artist_id`, `title`, `length`, `track_number`, `lyrics`, `created_at`, `uploaded_at`) VALUES (147, 'http://ritchie.com/', 12, 3, 'sunt', '00:21:24', 13, NULL, '2020-05-29', '2013-04-02');
INSERT INTO `songs` (`id`, `youtube_link`, `album_id`, `artist_id`, `title`, `length`, `track_number`, `lyrics`, `created_at`, `uploaded_at`) VALUES (148, 'http://www.klein.com/', 13, 4, 'eligendi', '00:22:31', 7, NULL, '1983-05-23', '1988-05-21');
INSERT INTO `songs` (`id`, `youtube_link`, `album_id`, `artist_id`, `title`, `length`, `track_number`, `lyrics`, `created_at`, `uploaded_at`) VALUES (149, 'http://hayes.net/', 14, 5, 'eum', '00:05:38', 15, NULL, '2017-01-11', '1972-06-25');
INSERT INTO `songs` (`id`, `youtube_link`, `album_id`, `artist_id`, `title`, `length`, `track_number`, `lyrics`, `created_at`, `uploaded_at`) VALUES (150, 'http://www.thompson.com/', 15, 6, 'fugit', '00:48:06', 13, NULL, '2007-02-03', '2014-11-19');

INSERT INTO `song_interactions` (`id`, `song_id`, `user_id`, `is_liked`, `play_count`) VALUES (1, 1, 1, 1, 121);
INSERT INTO `song_interactions` (`id`, `song_id`, `user_id`, `is_liked`, `play_count`) VALUES (2, 2, 2, 1, 240);
INSERT INTO `song_interactions` (`id`, `song_id`, `user_id`, `is_liked`, `play_count`) VALUES (3, 3, 3, 1, 78);
INSERT INTO `song_interactions` (`id`, `song_id`, `user_id`, `is_liked`, `play_count`) VALUES (4, 4, 4, 1, 119);
INSERT INTO `song_interactions` (`id`, `song_id`, `user_id`, `is_liked`, `play_count`) VALUES (5, 5, 5, 0, 531);
INSERT INTO `song_interactions` (`id`, `song_id`, `user_id`, `is_liked`, `play_count`) VALUES (6, 6, 6, 0, 317);
INSERT INTO `song_interactions` (`id`, `song_id`, `user_id`, `is_liked`, `play_count`) VALUES (7, 7, 7, 1, 366);
INSERT INTO `song_interactions` (`id`, `song_id`, `user_id`, `is_liked`, `play_count`) VALUES (8, 8, 8, 1, 214);
INSERT INTO `song_interactions` (`id`, `song_id`, `user_id`, `is_liked`, `play_count`) VALUES (9, 9, 9, 0, 295);
INSERT INTO `song_interactions` (`id`, `song_id`, `user_id`, `is_liked`, `play_count`) VALUES (10, 10, 10, 1, 442);
INSERT INTO `song_interactions` (`id`, `song_id`, `user_id`, `is_liked`, `play_count`) VALUES (11, 11, 11, 1, 377);
INSERT INTO `song_interactions` (`id`, `song_id`, `user_id`, `is_liked`, `play_count`) VALUES (12, 12, 12, 1, 104);
INSERT INTO `song_interactions` (`id`, `song_id`, `user_id`, `is_liked`, `play_count`) VALUES (13, 13, 13, 1, 145);
INSERT INTO `song_interactions` (`id`, `song_id`, `user_id`, `is_liked`, `play_count`) VALUES (14, 14, 14, 1, 190);
INSERT INTO `song_interactions` (`id`, `song_id`, `user_id`, `is_liked`, `play_count`) VALUES (15, 15, 15, 1, 238);
INSERT INTO `song_interactions` (`id`, `song_id`, `user_id`, `is_liked`, `play_count`) VALUES (16, 16, 16, 1, 519);
INSERT INTO `song_interactions` (`id`, `song_id`, `user_id`, `is_liked`, `play_count`) VALUES (17, 17, 17, 1, 49);
INSERT INTO `song_interactions` (`id`, `song_id`, `user_id`, `is_liked`, `play_count`) VALUES (18, 18, 18, 1, 418);
INSERT INTO `song_interactions` (`id`, `song_id`, `user_id`, `is_liked`, `play_count`) VALUES (19, 19, 19, 1, 204);
INSERT INTO `song_interactions` (`id`, `song_id`, `user_id`, `is_liked`, `play_count`) VALUES (20, 20, 20, 1, 218);
INSERT INTO `song_interactions` (`id`, `song_id`, `user_id`, `is_liked`, `play_count`) VALUES (21, 21, 21, 1, 0);
INSERT INTO `song_interactions` (`id`, `song_id`, `user_id`, `is_liked`, `play_count`) VALUES (22, 22, 22, 1, 521);
INSERT INTO `song_interactions` (`id`, `song_id`, `user_id`, `is_liked`, `play_count`) VALUES (23, 23, 23, 0, 541);
INSERT INTO `song_interactions` (`id`, `song_id`, `user_id`, `is_liked`, `play_count`) VALUES (24, 24, 24, 1, 342);
INSERT INTO `song_interactions` (`id`, `song_id`, `user_id`, `is_liked`, `play_count`) VALUES (25, 25, 25, 0, 180);
INSERT INTO `song_interactions` (`id`, `song_id`, `user_id`, `is_liked`, `play_count`) VALUES (26, 26, 26, 1, 499);
INSERT INTO `song_interactions` (`id`, `song_id`, `user_id`, `is_liked`, `play_count`) VALUES (27, 27, 27, 1, 295);
INSERT INTO `song_interactions` (`id`, `song_id`, `user_id`, `is_liked`, `play_count`) VALUES (28, 28, 28, 1, 213);
INSERT INTO `song_interactions` (`id`, `song_id`, `user_id`, `is_liked`, `play_count`) VALUES (29, 29, 29, 1, 296);
INSERT INTO `song_interactions` (`id`, `song_id`, `user_id`, `is_liked`, `play_count`) VALUES (30, 30, 30, 1, 161);
INSERT INTO `song_interactions` (`id`, `song_id`, `user_id`, `is_liked`, `play_count`) VALUES (31, 31, 31, 0, 117);
INSERT INTO `song_interactions` (`id`, `song_id`, `user_id`, `is_liked`, `play_count`) VALUES (32, 32, 1, 1, 201);
INSERT INTO `song_interactions` (`id`, `song_id`, `user_id`, `is_liked`, `play_count`) VALUES (33, 33, 2, 0, 248);
INSERT INTO `song_interactions` (`id`, `song_id`, `user_id`, `is_liked`, `play_count`) VALUES (34, 34, 3, 1, 65);
INSERT INTO `song_interactions` (`id`, `song_id`, `user_id`, `is_liked`, `play_count`) VALUES (35, 35, 4, 1, 93);
INSERT INTO `song_interactions` (`id`, `song_id`, `user_id`, `is_liked`, `play_count`) VALUES (36, 36, 5, 1, 4);
INSERT INTO `song_interactions` (`id`, `song_id`, `user_id`, `is_liked`, `play_count`) VALUES (37, 37, 6, 1, 250);
INSERT INTO `song_interactions` (`id`, `song_id`, `user_id`, `is_liked`, `play_count`) VALUES (38, 38, 7, 1, 92);
INSERT INTO `song_interactions` (`id`, `song_id`, `user_id`, `is_liked`, `play_count`) VALUES (39, 39, 8, 1, 231);
INSERT INTO `song_interactions` (`id`, `song_id`, `user_id`, `is_liked`, `play_count`) VALUES (40, 40, 9, 1, 148);
INSERT INTO `song_interactions` (`id`, `song_id`, `user_id`, `is_liked`, `play_count`) VALUES (41, 41, 10, 1, 436);
INSERT INTO `song_interactions` (`id`, `song_id`, `user_id`, `is_liked`, `play_count`) VALUES (42, 42, 11, 0, 265);
INSERT INTO `song_interactions` (`id`, `song_id`, `user_id`, `is_liked`, `play_count`) VALUES (43, 43, 12, 0, 267);
INSERT INTO `song_interactions` (`id`, `song_id`, `user_id`, `is_liked`, `play_count`) VALUES (44, 44, 13, 1, 336);
INSERT INTO `song_interactions` (`id`, `song_id`, `user_id`, `is_liked`, `play_count`) VALUES (45, 45, 14, 1, 410);
INSERT INTO `song_interactions` (`id`, `song_id`, `user_id`, `is_liked`, `play_count`) VALUES (46, 46, 15, 1, 502);
INSERT INTO `song_interactions` (`id`, `song_id`, `user_id`, `is_liked`, `play_count`) VALUES (47, 47, 16, 1, 193);
INSERT INTO `song_interactions` (`id`, `song_id`, `user_id`, `is_liked`, `play_count`) VALUES (48, 48, 17, 1, 182);
INSERT INTO `song_interactions` (`id`, `song_id`, `user_id`, `is_liked`, `play_count`) VALUES (49, 49, 18, 0, 313);
INSERT INTO `song_interactions` (`id`, `song_id`, `user_id`, `is_liked`, `play_count`) VALUES (50, 50, 19, 0, 248);
INSERT INTO `song_interactions` (`id`, `song_id`, `user_id`, `is_liked`, `play_count`) VALUES (51, 51, 20, 1, 67);
INSERT INTO `song_interactions` (`id`, `song_id`, `user_id`, `is_liked`, `play_count`) VALUES (52, 52, 21, 1, 120);
INSERT INTO `song_interactions` (`id`, `song_id`, `user_id`, `is_liked`, `play_count`) VALUES (53, 53, 22, 0, 73);
INSERT INTO `song_interactions` (`id`, `song_id`, `user_id`, `is_liked`, `play_count`) VALUES (54, 54, 23, 1, 534);
INSERT INTO `song_interactions` (`id`, `song_id`, `user_id`, `is_liked`, `play_count`) VALUES (55, 55, 24, 1, 507);
INSERT INTO `song_interactions` (`id`, `song_id`, `user_id`, `is_liked`, `play_count`) VALUES (56, 56, 25, 1, 203);
INSERT INTO `song_interactions` (`id`, `song_id`, `user_id`, `is_liked`, `play_count`) VALUES (57, 57, 26, 1, 517);
INSERT INTO `song_interactions` (`id`, `song_id`, `user_id`, `is_liked`, `play_count`) VALUES (58, 58, 27, 1, 42);
INSERT INTO `song_interactions` (`id`, `song_id`, `user_id`, `is_liked`, `play_count`) VALUES (59, 59, 28, 1, 370);
INSERT INTO `song_interactions` (`id`, `song_id`, `user_id`, `is_liked`, `play_count`) VALUES (60, 60, 29, 1, 132);
INSERT INTO `song_interactions` (`id`, `song_id`, `user_id`, `is_liked`, `play_count`) VALUES (61, 61, 30, 1, 97);
INSERT INTO `song_interactions` (`id`, `song_id`, `user_id`, `is_liked`, `play_count`) VALUES (62, 62, 31, 1, 135);
INSERT INTO `song_interactions` (`id`, `song_id`, `user_id`, `is_liked`, `play_count`) VALUES (63, 63, 1, 1, 34);
INSERT INTO `song_interactions` (`id`, `song_id`, `user_id`, `is_liked`, `play_count`) VALUES (64, 64, 2, 1, 344);
INSERT INTO `song_interactions` (`id`, `song_id`, `user_id`, `is_liked`, `play_count`) VALUES (65, 65, 3, 0, 224);
INSERT INTO `song_interactions` (`id`, `song_id`, `user_id`, `is_liked`, `play_count`) VALUES (66, 66, 4, 0, 390);
INSERT INTO `song_interactions` (`id`, `song_id`, `user_id`, `is_liked`, `play_count`) VALUES (67, 67, 5, 1, 387);
INSERT INTO `song_interactions` (`id`, `song_id`, `user_id`, `is_liked`, `play_count`) VALUES (68, 68, 6, 1, 116);
INSERT INTO `song_interactions` (`id`, `song_id`, `user_id`, `is_liked`, `play_count`) VALUES (69, 69, 7, 0, 31);
INSERT INTO `song_interactions` (`id`, `song_id`, `user_id`, `is_liked`, `play_count`) VALUES (70, 70, 8, 1, 297);
INSERT INTO `song_interactions` (`id`, `song_id`, `user_id`, `is_liked`, `play_count`) VALUES (71, 71, 9, 1, 318);
INSERT INTO `song_interactions` (`id`, `song_id`, `user_id`, `is_liked`, `play_count`) VALUES (72, 72, 10, 1, 345);
INSERT INTO `song_interactions` (`id`, `song_id`, `user_id`, `is_liked`, `play_count`) VALUES (73, 73, 11, 1, 438);
INSERT INTO `song_interactions` (`id`, `song_id`, `user_id`, `is_liked`, `play_count`) VALUES (74, 74, 12, 1, 379);
INSERT INTO `song_interactions` (`id`, `song_id`, `user_id`, `is_liked`, `play_count`) VALUES (75, 75, 13, 1, 44);
INSERT INTO `song_interactions` (`id`, `song_id`, `user_id`, `is_liked`, `play_count`) VALUES (76, 76, 14, 0, 416);
INSERT INTO `song_interactions` (`id`, `song_id`, `user_id`, `is_liked`, `play_count`) VALUES (77, 77, 15, 1, 295);
INSERT INTO `song_interactions` (`id`, `song_id`, `user_id`, `is_liked`, `play_count`) VALUES (78, 78, 16, 1, 170);
INSERT INTO `song_interactions` (`id`, `song_id`, `user_id`, `is_liked`, `play_count`) VALUES (79, 79, 17, 1, 231);
INSERT INTO `song_interactions` (`id`, `song_id`, `user_id`, `is_liked`, `play_count`) VALUES (80, 80, 18, 1, 98);
INSERT INTO `song_interactions` (`id`, `song_id`, `user_id`, `is_liked`, `play_count`) VALUES (81, 81, 19, 0, 187);
INSERT INTO `song_interactions` (`id`, `song_id`, `user_id`, `is_liked`, `play_count`) VALUES (82, 82, 20, 0, 175);
INSERT INTO `song_interactions` (`id`, `song_id`, `user_id`, `is_liked`, `play_count`) VALUES (83, 83, 21, 1, 313);
INSERT INTO `song_interactions` (`id`, `song_id`, `user_id`, `is_liked`, `play_count`) VALUES (84, 84, 22, 0, 320);
INSERT INTO `song_interactions` (`id`, `song_id`, `user_id`, `is_liked`, `play_count`) VALUES (85, 85, 23, 1, 99);
INSERT INTO `song_interactions` (`id`, `song_id`, `user_id`, `is_liked`, `play_count`) VALUES (86, 86, 24, 1, 175);
INSERT INTO `song_interactions` (`id`, `song_id`, `user_id`, `is_liked`, `play_count`) VALUES (87, 87, 25, 0, 183);
INSERT INTO `song_interactions` (`id`, `song_id`, `user_id`, `is_liked`, `play_count`) VALUES (88, 88, 26, 1, 471);
INSERT INTO `song_interactions` (`id`, `song_id`, `user_id`, `is_liked`, `play_count`) VALUES (89, 89, 27, 1, 488);
INSERT INTO `song_interactions` (`id`, `song_id`, `user_id`, `is_liked`, `play_count`) VALUES (90, 90, 28, 1, 215);
INSERT INTO `song_interactions` (`id`, `song_id`, `user_id`, `is_liked`, `play_count`) VALUES (91, 91, 29, 1, 15);
INSERT INTO `song_interactions` (`id`, `song_id`, `user_id`, `is_liked`, `play_count`) VALUES (92, 92, 30, 1, 87);
INSERT INTO `song_interactions` (`id`, `song_id`, `user_id`, `is_liked`, `play_count`) VALUES (93, 93, 31, 1, 508);
INSERT INTO `song_interactions` (`id`, `song_id`, `user_id`, `is_liked`, `play_count`) VALUES (94, 94, 1, 1, 430);
INSERT INTO `song_interactions` (`id`, `song_id`, `user_id`, `is_liked`, `play_count`) VALUES (95, 95, 2, 1, 347);
INSERT INTO `song_interactions` (`id`, `song_id`, `user_id`, `is_liked`, `play_count`) VALUES (96, 96, 3, 1, 11);
INSERT INTO `song_interactions` (`id`, `song_id`, `user_id`, `is_liked`, `play_count`) VALUES (97, 97, 4, 1, 10);
INSERT INTO `song_interactions` (`id`, `song_id`, `user_id`, `is_liked`, `play_count`) VALUES (98, 98, 5, 1, 380);
INSERT INTO `song_interactions` (`id`, `song_id`, `user_id`, `is_liked`, `play_count`) VALUES (99, 99, 6, 1, 288);
INSERT INTO `song_interactions` (`id`, `song_id`, `user_id`, `is_liked`, `play_count`) VALUES (100, 100, 7, 1, 173);
INSERT INTO `song_interactions` (`id`, `song_id`, `user_id`, `is_liked`, `play_count`) VALUES (101, 101, 8, 1, 71);
INSERT INTO `song_interactions` (`id`, `song_id`, `user_id`, `is_liked`, `play_count`) VALUES (102, 102, 9, 1, 102);
INSERT INTO `song_interactions` (`id`, `song_id`, `user_id`, `is_liked`, `play_count`) VALUES (103, 103, 10, 0, 151);
INSERT INTO `song_interactions` (`id`, `song_id`, `user_id`, `is_liked`, `play_count`) VALUES (104, 104, 11, 1, 109);
INSERT INTO `song_interactions` (`id`, `song_id`, `user_id`, `is_liked`, `play_count`) VALUES (105, 105, 12, 1, 450);
INSERT INTO `song_interactions` (`id`, `song_id`, `user_id`, `is_liked`, `play_count`) VALUES (106, 106, 13, 0, 172);
INSERT INTO `song_interactions` (`id`, `song_id`, `user_id`, `is_liked`, `play_count`) VALUES (107, 107, 14, 1, 155);
INSERT INTO `song_interactions` (`id`, `song_id`, `user_id`, `is_liked`, `play_count`) VALUES (108, 108, 15, 0, 449);
INSERT INTO `song_interactions` (`id`, `song_id`, `user_id`, `is_liked`, `play_count`) VALUES (109, 109, 16, 1, 107);
INSERT INTO `song_interactions` (`id`, `song_id`, `user_id`, `is_liked`, `play_count`) VALUES (110, 110, 17, 0, 113);
INSERT INTO `song_interactions` (`id`, `song_id`, `user_id`, `is_liked`, `play_count`) VALUES (111, 111, 18, 1, 497);
INSERT INTO `song_interactions` (`id`, `song_id`, `user_id`, `is_liked`, `play_count`) VALUES (112, 112, 19, 1, 281);
INSERT INTO `song_interactions` (`id`, `song_id`, `user_id`, `is_liked`, `play_count`) VALUES (113, 113, 20, 1, 278);
INSERT INTO `song_interactions` (`id`, `song_id`, `user_id`, `is_liked`, `play_count`) VALUES (114, 114, 21, 0, 346);
INSERT INTO `song_interactions` (`id`, `song_id`, `user_id`, `is_liked`, `play_count`) VALUES (115, 115, 22, 0, 481);
INSERT INTO `song_interactions` (`id`, `song_id`, `user_id`, `is_liked`, `play_count`) VALUES (116, 116, 23, 1, 444);
INSERT INTO `song_interactions` (`id`, `song_id`, `user_id`, `is_liked`, `play_count`) VALUES (117, 117, 24, 1, 244);
INSERT INTO `song_interactions` (`id`, `song_id`, `user_id`, `is_liked`, `play_count`) VALUES (118, 118, 25, 1, 369);
INSERT INTO `song_interactions` (`id`, `song_id`, `user_id`, `is_liked`, `play_count`) VALUES (119, 119, 26, 1, 518);
INSERT INTO `song_interactions` (`id`, `song_id`, `user_id`, `is_liked`, `play_count`) VALUES (120, 120, 27, 0, 118);
INSERT INTO `song_interactions` (`id`, `song_id`, `user_id`, `is_liked`, `play_count`) VALUES (121, 121, 28, 0, 515);
INSERT INTO `song_interactions` (`id`, `song_id`, `user_id`, `is_liked`, `play_count`) VALUES (122, 122, 29, 0, 62);
INSERT INTO `song_interactions` (`id`, `song_id`, `user_id`, `is_liked`, `play_count`) VALUES (123, 123, 30, 0, 400);
INSERT INTO `song_interactions` (`id`, `song_id`, `user_id`, `is_liked`, `play_count`) VALUES (124, 124, 31, 1, 107);
INSERT INTO `song_interactions` (`id`, `song_id`, `user_id`, `is_liked`, `play_count`) VALUES (125, 125, 1, 0, 476);
INSERT INTO `song_interactions` (`id`, `song_id`, `user_id`, `is_liked`, `play_count`) VALUES (126, 126, 2, 0, 437);
INSERT INTO `song_interactions` (`id`, `song_id`, `user_id`, `is_liked`, `play_count`) VALUES (127, 127, 3, 1, 352);
INSERT INTO `song_interactions` (`id`, `song_id`, `user_id`, `is_liked`, `play_count`) VALUES (128, 128, 4, 0, 425);
INSERT INTO `song_interactions` (`id`, `song_id`, `user_id`, `is_liked`, `play_count`) VALUES (129, 129, 5, 1, 496);
INSERT INTO `song_interactions` (`id`, `song_id`, `user_id`, `is_liked`, `play_count`) VALUES (130, 130, 6, 0, 420);
INSERT INTO `song_interactions` (`id`, `song_id`, `user_id`, `is_liked`, `play_count`) VALUES (131, 131, 7, 1, 129);
INSERT INTO `song_interactions` (`id`, `song_id`, `user_id`, `is_liked`, `play_count`) VALUES (132, 132, 8, 1, 136);
INSERT INTO `song_interactions` (`id`, `song_id`, `user_id`, `is_liked`, `play_count`) VALUES (133, 133, 9, 1, 380);
INSERT INTO `song_interactions` (`id`, `song_id`, `user_id`, `is_liked`, `play_count`) VALUES (134, 134, 10, 0, 464);
INSERT INTO `song_interactions` (`id`, `song_id`, `user_id`, `is_liked`, `play_count`) VALUES (135, 135, 11, 1, 285);
INSERT INTO `song_interactions` (`id`, `song_id`, `user_id`, `is_liked`, `play_count`) VALUES (136, 136, 12, 0, 68);
INSERT INTO `song_interactions` (`id`, `song_id`, `user_id`, `is_liked`, `play_count`) VALUES (137, 137, 13, 1, 441);
INSERT INTO `song_interactions` (`id`, `song_id`, `user_id`, `is_liked`, `play_count`) VALUES (138, 138, 14, 1, 446);
INSERT INTO `song_interactions` (`id`, `song_id`, `user_id`, `is_liked`, `play_count`) VALUES (139, 139, 15, 1, 112);
INSERT INTO `song_interactions` (`id`, `song_id`, `user_id`, `is_liked`, `play_count`) VALUES (140, 140, 16, 1, 309);
INSERT INTO `song_interactions` (`id`, `song_id`, `user_id`, `is_liked`, `play_count`) VALUES (141, 141, 17, 0, 43);
INSERT INTO `song_interactions` (`id`, `song_id`, `user_id`, `is_liked`, `play_count`) VALUES (142, 142, 18, 1, 475);
INSERT INTO `song_interactions` (`id`, `song_id`, `user_id`, `is_liked`, `play_count`) VALUES (143, 143, 19, 1, 462);
INSERT INTO `song_interactions` (`id`, `song_id`, `user_id`, `is_liked`, `play_count`) VALUES (144, 144, 20, 1, 269);
INSERT INTO `song_interactions` (`id`, `song_id`, `user_id`, `is_liked`, `play_count`) VALUES (145, 145, 21, 1, 507);
INSERT INTO `song_interactions` (`id`, `song_id`, `user_id`, `is_liked`, `play_count`) VALUES (146, 146, 22, 0, 391);
INSERT INTO `song_interactions` (`id`, `song_id`, `user_id`, `is_liked`, `play_count`) VALUES (147, 147, 23, 0, 124);
INSERT INTO `song_interactions` (`id`, `song_id`, `user_id`, `is_liked`, `play_count`) VALUES (148, 148, 24, 1, 410);
INSERT INTO `song_interactions` (`id`, `song_id`, `user_id`, `is_liked`, `play_count`) VALUES (149, 149, 25, 1, 390);
INSERT INTO `song_interactions` (`id`, `song_id`, `user_id`, `is_liked`, `play_count`) VALUES (150, 150, 26, 1, 445);
INSERT INTO `song_interactions` (`id`, `song_id`, `user_id`, `is_liked`, `play_count`) VALUES (151, 1, 27, 0, 492);
INSERT INTO `song_interactions` (`id`, `song_id`, `user_id`, `is_liked`, `play_count`) VALUES (152, 2, 28, 0, 476);
INSERT INTO `song_interactions` (`id`, `song_id`, `user_id`, `is_liked`, `play_count`) VALUES (153, 3, 29, 0, 143);
INSERT INTO `song_interactions` (`id`, `song_id`, `user_id`, `is_liked`, `play_count`) VALUES (154, 4, 30, 0, 77);
INSERT INTO `song_interactions` (`id`, `song_id`, `user_id`, `is_liked`, `play_count`) VALUES (155, 5, 31, 1, 101);
INSERT INTO `song_interactions` (`id`, `song_id`, `user_id`, `is_liked`, `play_count`) VALUES (156, 6, 1, 1, 259);
INSERT INTO `song_interactions` (`id`, `song_id`, `user_id`, `is_liked`, `play_count`) VALUES (157, 7, 2, 0, 165);
INSERT INTO `song_interactions` (`id`, `song_id`, `user_id`, `is_liked`, `play_count`) VALUES (158, 8, 3, 0, 436);
INSERT INTO `song_interactions` (`id`, `song_id`, `user_id`, `is_liked`, `play_count`) VALUES (159, 9, 4, 1, 64);
INSERT INTO `song_interactions` (`id`, `song_id`, `user_id`, `is_liked`, `play_count`) VALUES (160, 10, 5, 1, 240);
INSERT INTO `song_interactions` (`id`, `song_id`, `user_id`, `is_liked`, `play_count`) VALUES (161, 11, 6, 0, 61);
INSERT INTO `song_interactions` (`id`, `song_id`, `user_id`, `is_liked`, `play_count`) VALUES (162, 12, 7, 1, 522);
INSERT INTO `song_interactions` (`id`, `song_id`, `user_id`, `is_liked`, `play_count`) VALUES (163, 13, 8, 0, 106);
INSERT INTO `song_interactions` (`id`, `song_id`, `user_id`, `is_liked`, `play_count`) VALUES (164, 14, 9, 1, 90);
INSERT INTO `song_interactions` (`id`, `song_id`, `user_id`, `is_liked`, `play_count`) VALUES (165, 15, 10, 1, 185);
INSERT INTO `song_interactions` (`id`, `song_id`, `user_id`, `is_liked`, `play_count`) VALUES (166, 16, 11, 1, 146);
INSERT INTO `song_interactions` (`id`, `song_id`, `user_id`, `is_liked`, `play_count`) VALUES (167, 17, 12, 1, 104);
INSERT INTO `song_interactions` (`id`, `song_id`, `user_id`, `is_liked`, `play_count`) VALUES (168, 18, 13, 1, 394);
INSERT INTO `song_interactions` (`id`, `song_id`, `user_id`, `is_liked`, `play_count`) VALUES (169, 19, 14, 1, 505);
INSERT INTO `song_interactions` (`id`, `song_id`, `user_id`, `is_liked`, `play_count`) VALUES (170, 20, 15, 1, 456);
INSERT INTO `song_interactions` (`id`, `song_id`, `user_id`, `is_liked`, `play_count`) VALUES (171, 21, 16, 1, 133);
INSERT INTO `song_interactions` (`id`, `song_id`, `user_id`, `is_liked`, `play_count`) VALUES (172, 22, 17, 1, 345);
INSERT INTO `song_interactions` (`id`, `song_id`, `user_id`, `is_liked`, `play_count`) VALUES (173, 23, 18, 1, 155);
INSERT INTO `song_interactions` (`id`, `song_id`, `user_id`, `is_liked`, `play_count`) VALUES (174, 24, 19, 1, 423);
INSERT INTO `song_interactions` (`id`, `song_id`, `user_id`, `is_liked`, `play_count`) VALUES (175, 25, 20, 0, 95);
INSERT INTO `song_interactions` (`id`, `song_id`, `user_id`, `is_liked`, `play_count`) VALUES (176, 26, 21, 1, 36);
INSERT INTO `song_interactions` (`id`, `song_id`, `user_id`, `is_liked`, `play_count`) VALUES (177, 27, 22, 1, 345);
INSERT INTO `song_interactions` (`id`, `song_id`, `user_id`, `is_liked`, `play_count`) VALUES (178, 28, 23, 1, 241);
INSERT INTO `song_interactions` (`id`, `song_id`, `user_id`, `is_liked`, `play_count`) VALUES (179, 29, 24, 1, 227);
INSERT INTO `song_interactions` (`id`, `song_id`, `user_id`, `is_liked`, `play_count`) VALUES (180, 30, 25, 1, 51);
INSERT INTO `song_interactions` (`id`, `song_id`, `user_id`, `is_liked`, `play_count`) VALUES (181, 31, 26, 1, 541);
INSERT INTO `song_interactions` (`id`, `song_id`, `user_id`, `is_liked`, `play_count`) VALUES (182, 32, 27, 1, 543);
INSERT INTO `song_interactions` (`id`, `song_id`, `user_id`, `is_liked`, `play_count`) VALUES (183, 33, 28, 1, 495);
INSERT INTO `song_interactions` (`id`, `song_id`, `user_id`, `is_liked`, `play_count`) VALUES (184, 34, 29, 1, 420);
INSERT INTO `song_interactions` (`id`, `song_id`, `user_id`, `is_liked`, `play_count`) VALUES (185, 35, 30, 1, 85);
INSERT INTO `song_interactions` (`id`, `song_id`, `user_id`, `is_liked`, `play_count`) VALUES (186, 36, 31, 0, 531);
INSERT INTO `song_interactions` (`id`, `song_id`, `user_id`, `is_liked`, `play_count`) VALUES (187, 37, 1, 1, 77);
INSERT INTO `song_interactions` (`id`, `song_id`, `user_id`, `is_liked`, `play_count`) VALUES (188, 38, 2, 1, 159);
INSERT INTO `song_interactions` (`id`, `song_id`, `user_id`, `is_liked`, `play_count`) VALUES (189, 39, 3, 1, 55);
INSERT INTO `song_interactions` (`id`, `song_id`, `user_id`, `is_liked`, `play_count`) VALUES (190, 40, 4, 1, 18);
INSERT INTO `song_interactions` (`id`, `song_id`, `user_id`, `is_liked`, `play_count`) VALUES (191, 41, 5, 1, 61);
INSERT INTO `song_interactions` (`id`, `song_id`, `user_id`, `is_liked`, `play_count`) VALUES (192, 42, 6, 1, 65);
INSERT INTO `song_interactions` (`id`, `song_id`, `user_id`, `is_liked`, `play_count`) VALUES (193, 43, 7, 1, 44);
INSERT INTO `song_interactions` (`id`, `song_id`, `user_id`, `is_liked`, `play_count`) VALUES (194, 44, 8, 1, 336);
INSERT INTO `song_interactions` (`id`, `song_id`, `user_id`, `is_liked`, `play_count`) VALUES (195, 45, 9, 1, 291);
INSERT INTO `song_interactions` (`id`, `song_id`, `user_id`, `is_liked`, `play_count`) VALUES (196, 46, 10, 1, 348);
INSERT INTO `song_interactions` (`id`, `song_id`, `user_id`, `is_liked`, `play_count`) VALUES (197, 47, 11, 0, 49);
INSERT INTO `song_interactions` (`id`, `song_id`, `user_id`, `is_liked`, `play_count`) VALUES (198, 48, 12, 1, 307);
INSERT INTO `song_interactions` (`id`, `song_id`, `user_id`, `is_liked`, `play_count`) VALUES (199, 49, 13, 0, 285);
INSERT INTO `song_interactions` (`id`, `song_id`, `user_id`, `is_liked`, `play_count`) VALUES (200, 50, 14, 1, 248);
INSERT INTO `song_interactions` (`id`, `song_id`, `user_id`, `is_liked`, `play_count`) VALUES (201, 51, 15, 0, 501);
INSERT INTO `song_interactions` (`id`, `song_id`, `user_id`, `is_liked`, `play_count`) VALUES (202, 52, 16, 1, 529);
INSERT INTO `song_interactions` (`id`, `song_id`, `user_id`, `is_liked`, `play_count`) VALUES (203, 53, 17, 0, 228);
INSERT INTO `song_interactions` (`id`, `song_id`, `user_id`, `is_liked`, `play_count`) VALUES (204, 54, 18, 1, 179);
INSERT INTO `song_interactions` (`id`, `song_id`, `user_id`, `is_liked`, `play_count`) VALUES (205, 55, 19, 1, 292);
INSERT INTO `song_interactions` (`id`, `song_id`, `user_id`, `is_liked`, `play_count`) VALUES (206, 56, 20, 0, 311);
INSERT INTO `song_interactions` (`id`, `song_id`, `user_id`, `is_liked`, `play_count`) VALUES (207, 57, 21, 1, 233);
INSERT INTO `song_interactions` (`id`, `song_id`, `user_id`, `is_liked`, `play_count`) VALUES (208, 58, 22, 1, 134);
INSERT INTO `song_interactions` (`id`, `song_id`, `user_id`, `is_liked`, `play_count`) VALUES (209, 59, 23, 1, 55);
INSERT INTO `song_interactions` (`id`, `song_id`, `user_id`, `is_liked`, `play_count`) VALUES (210, 60, 24, 1, 411);
INSERT INTO `song_interactions` (`id`, `song_id`, `user_id`, `is_liked`, `play_count`) VALUES (211, 61, 25, 1, 376);
INSERT INTO `song_interactions` (`id`, `song_id`, `user_id`, `is_liked`, `play_count`) VALUES (212, 62, 26, 1, 331);
INSERT INTO `song_interactions` (`id`, `song_id`, `user_id`, `is_liked`, `play_count`) VALUES (213, 63, 27, 1, 247);
INSERT INTO `song_interactions` (`id`, `song_id`, `user_id`, `is_liked`, `play_count`) VALUES (214, 64, 28, 1, 58);
INSERT INTO `song_interactions` (`id`, `song_id`, `user_id`, `is_liked`, `play_count`) VALUES (215, 65, 29, 1, 437);
INSERT INTO `song_interactions` (`id`, `song_id`, `user_id`, `is_liked`, `play_count`) VALUES (216, 66, 30, 1, 84);
INSERT INTO `song_interactions` (`id`, `song_id`, `user_id`, `is_liked`, `play_count`) VALUES (217, 67, 31, 1, 361);
INSERT INTO `song_interactions` (`id`, `song_id`, `user_id`, `is_liked`, `play_count`) VALUES (218, 68, 1, 0, 339);
INSERT INTO `song_interactions` (`id`, `song_id`, `user_id`, `is_liked`, `play_count`) VALUES (219, 69, 2, 0, 281);
INSERT INTO `song_interactions` (`id`, `song_id`, `user_id`, `is_liked`, `play_count`) VALUES (220, 70, 3, 1, 286);
INSERT INTO `song_interactions` (`id`, `song_id`, `user_id`, `is_liked`, `play_count`) VALUES (221, 71, 4, 1, 228);
INSERT INTO `song_interactions` (`id`, `song_id`, `user_id`, `is_liked`, `play_count`) VALUES (222, 72, 5, 1, 217);
INSERT INTO `song_interactions` (`id`, `song_id`, `user_id`, `is_liked`, `play_count`) VALUES (223, 73, 6, 0, 146);
INSERT INTO `song_interactions` (`id`, `song_id`, `user_id`, `is_liked`, `play_count`) VALUES (224, 74, 7, 0, 64);
INSERT INTO `song_interactions` (`id`, `song_id`, `user_id`, `is_liked`, `play_count`) VALUES (225, 75, 8, 0, 56);
INSERT INTO `song_interactions` (`id`, `song_id`, `user_id`, `is_liked`, `play_count`) VALUES (226, 76, 9, 1, 159);
INSERT INTO `song_interactions` (`id`, `song_id`, `user_id`, `is_liked`, `play_count`) VALUES (227, 77, 10, 1, 177);
INSERT INTO `song_interactions` (`id`, `song_id`, `user_id`, `is_liked`, `play_count`) VALUES (228, 78, 11, 0, 9);
INSERT INTO `song_interactions` (`id`, `song_id`, `user_id`, `is_liked`, `play_count`) VALUES (229, 79, 12, 1, 136);
INSERT INTO `song_interactions` (`id`, `song_id`, `user_id`, `is_liked`, `play_count`) VALUES (230, 80, 13, 0, 475);
INSERT INTO `song_interactions` (`id`, `song_id`, `user_id`, `is_liked`, `play_count`) VALUES (231, 81, 14, 1, 422);
INSERT INTO `song_interactions` (`id`, `song_id`, `user_id`, `is_liked`, `play_count`) VALUES (232, 82, 15, 1, 164);
INSERT INTO `song_interactions` (`id`, `song_id`, `user_id`, `is_liked`, `play_count`) VALUES (233, 83, 16, 1, 33);
INSERT INTO `song_interactions` (`id`, `song_id`, `user_id`, `is_liked`, `play_count`) VALUES (234, 84, 17, 1, 225);
INSERT INTO `song_interactions` (`id`, `song_id`, `user_id`, `is_liked`, `play_count`) VALUES (235, 85, 18, 0, 244);
INSERT INTO `song_interactions` (`id`, `song_id`, `user_id`, `is_liked`, `play_count`) VALUES (236, 86, 19, 1, 366);
INSERT INTO `song_interactions` (`id`, `song_id`, `user_id`, `is_liked`, `play_count`) VALUES (237, 87, 20, 1, 337);
INSERT INTO `song_interactions` (`id`, `song_id`, `user_id`, `is_liked`, `play_count`) VALUES (238, 88, 21, 1, 495);
INSERT INTO `song_interactions` (`id`, `song_id`, `user_id`, `is_liked`, `play_count`) VALUES (239, 89, 22, 1, 455);
INSERT INTO `song_interactions` (`id`, `song_id`, `user_id`, `is_liked`, `play_count`) VALUES (240, 90, 23, 1, 296);
INSERT INTO `song_interactions` (`id`, `song_id`, `user_id`, `is_liked`, `play_count`) VALUES (241, 91, 24, 1, 176);
INSERT INTO `song_interactions` (`id`, `song_id`, `user_id`, `is_liked`, `play_count`) VALUES (242, 92, 25, 1, 396);
INSERT INTO `song_interactions` (`id`, `song_id`, `user_id`, `is_liked`, `play_count`) VALUES (243, 93, 26, 0, 414);
INSERT INTO `song_interactions` (`id`, `song_id`, `user_id`, `is_liked`, `play_count`) VALUES (244, 94, 27, 1, 7);
INSERT INTO `song_interactions` (`id`, `song_id`, `user_id`, `is_liked`, `play_count`) VALUES (245, 95, 28, 1, 309);
INSERT INTO `song_interactions` (`id`, `song_id`, `user_id`, `is_liked`, `play_count`) VALUES (246, 96, 29, 0, 172);
INSERT INTO `song_interactions` (`id`, `song_id`, `user_id`, `is_liked`, `play_count`) VALUES (247, 97, 30, 1, 103);
INSERT INTO `song_interactions` (`id`, `song_id`, `user_id`, `is_liked`, `play_count`) VALUES (248, 98, 31, 1, 538);
INSERT INTO `song_interactions` (`id`, `song_id`, `user_id`, `is_liked`, `play_count`) VALUES (249, 99, 1, 1, 128);
INSERT INTO `song_interactions` (`id`, `song_id`, `user_id`, `is_liked`, `play_count`) VALUES (250, 100, 2, 1, 231);
INSERT INTO `song_interactions` (`id`, `song_id`, `user_id`, `is_liked`, `play_count`) VALUES (251, 101, 3, 1, 67);
INSERT INTO `song_interactions` (`id`, `song_id`, `user_id`, `is_liked`, `play_count`) VALUES (252, 102, 4, 1, 47);
INSERT INTO `song_interactions` (`id`, `song_id`, `user_id`, `is_liked`, `play_count`) VALUES (253, 103, 5, 0, 524);
INSERT INTO `song_interactions` (`id`, `song_id`, `user_id`, `is_liked`, `play_count`) VALUES (254, 104, 6, 1, 457);
INSERT INTO `song_interactions` (`id`, `song_id`, `user_id`, `is_liked`, `play_count`) VALUES (255, 105, 7, 0, 199);
INSERT INTO `song_interactions` (`id`, `song_id`, `user_id`, `is_liked`, `play_count`) VALUES (256, 106, 8, 1, 335);
INSERT INTO `song_interactions` (`id`, `song_id`, `user_id`, `is_liked`, `play_count`) VALUES (257, 107, 9, 0, 254);
INSERT INTO `song_interactions` (`id`, `song_id`, `user_id`, `is_liked`, `play_count`) VALUES (258, 108, 10, 1, 277);
INSERT INTO `song_interactions` (`id`, `song_id`, `user_id`, `is_liked`, `play_count`) VALUES (259, 109, 11, 1, 184);
INSERT INTO `song_interactions` (`id`, `song_id`, `user_id`, `is_liked`, `play_count`) VALUES (260, 110, 12, 1, 107);
INSERT INTO `song_interactions` (`id`, `song_id`, `user_id`, `is_liked`, `play_count`) VALUES (261, 111, 13, 1, 448);
INSERT INTO `song_interactions` (`id`, `song_id`, `user_id`, `is_liked`, `play_count`) VALUES (262, 112, 14, 1, 212);
INSERT INTO `song_interactions` (`id`, `song_id`, `user_id`, `is_liked`, `play_count`) VALUES (263, 113, 15, 0, 192);
INSERT INTO `song_interactions` (`id`, `song_id`, `user_id`, `is_liked`, `play_count`) VALUES (264, 114, 16, 1, 221);
INSERT INTO `song_interactions` (`id`, `song_id`, `user_id`, `is_liked`, `play_count`) VALUES (265, 115, 17, 1, 75);
INSERT INTO `song_interactions` (`id`, `song_id`, `user_id`, `is_liked`, `play_count`) VALUES (266, 116, 18, 0, 211);
INSERT INTO `song_interactions` (`id`, `song_id`, `user_id`, `is_liked`, `play_count`) VALUES (267, 117, 19, 0, 392);
INSERT INTO `song_interactions` (`id`, `song_id`, `user_id`, `is_liked`, `play_count`) VALUES (268, 118, 20, 1, 328);
INSERT INTO `song_interactions` (`id`, `song_id`, `user_id`, `is_liked`, `play_count`) VALUES (269, 119, 21, 1, 225);
INSERT INTO `song_interactions` (`id`, `song_id`, `user_id`, `is_liked`, `play_count`) VALUES (270, 120, 22, 1, 510);
INSERT INTO `song_interactions` (`id`, `song_id`, `user_id`, `is_liked`, `play_count`) VALUES (271, 121, 23, 1, 208);
INSERT INTO `song_interactions` (`id`, `song_id`, `user_id`, `is_liked`, `play_count`) VALUES (272, 122, 24, 0, 212);
INSERT INTO `song_interactions` (`id`, `song_id`, `user_id`, `is_liked`, `play_count`) VALUES (273, 123, 25, 1, 189);
INSERT INTO `song_interactions` (`id`, `song_id`, `user_id`, `is_liked`, `play_count`) VALUES (274, 124, 26, 1, 36);
INSERT INTO `song_interactions` (`id`, `song_id`, `user_id`, `is_liked`, `play_count`) VALUES (275, 125, 27, 0, 145);
INSERT INTO `song_interactions` (`id`, `song_id`, `user_id`, `is_liked`, `play_count`) VALUES (276, 126, 28, 1, 300);
INSERT INTO `song_interactions` (`id`, `song_id`, `user_id`, `is_liked`, `play_count`) VALUES (277, 127, 29, 1, 44);
INSERT INTO `song_interactions` (`id`, `song_id`, `user_id`, `is_liked`, `play_count`) VALUES (278, 128, 30, 0, 419);
INSERT INTO `song_interactions` (`id`, `song_id`, `user_id`, `is_liked`, `play_count`) VALUES (279, 129, 31, 1, 84);
INSERT INTO `song_interactions` (`id`, `song_id`, `user_id`, `is_liked`, `play_count`) VALUES (280, 130, 1, 1, 161);
INSERT INTO `song_interactions` (`id`, `song_id`, `user_id`, `is_liked`, `play_count`) VALUES (281, 131, 2, 1, 10);
INSERT INTO `song_interactions` (`id`, `song_id`, `user_id`, `is_liked`, `play_count`) VALUES (282, 132, 3, 1, 384);
INSERT INTO `song_interactions` (`id`, `song_id`, `user_id`, `is_liked`, `play_count`) VALUES (283, 133, 4, 1, 524);
INSERT INTO `song_interactions` (`id`, `song_id`, `user_id`, `is_liked`, `play_count`) VALUES (284, 134, 5, 0, 75);
INSERT INTO `song_interactions` (`id`, `song_id`, `user_id`, `is_liked`, `play_count`) VALUES (285, 135, 6, 0, 72);
INSERT INTO `song_interactions` (`id`, `song_id`, `user_id`, `is_liked`, `play_count`) VALUES (286, 136, 7, 0, 414);
INSERT INTO `song_interactions` (`id`, `song_id`, `user_id`, `is_liked`, `play_count`) VALUES (287, 137, 8, 1, 538);
INSERT INTO `song_interactions` (`id`, `song_id`, `user_id`, `is_liked`, `play_count`) VALUES (288, 138, 9, 1, 183);
INSERT INTO `song_interactions` (`id`, `song_id`, `user_id`, `is_liked`, `play_count`) VALUES (289, 139, 10, 1, 469);
INSERT INTO `song_interactions` (`id`, `song_id`, `user_id`, `is_liked`, `play_count`) VALUES (290, 140, 11, 1, 232);
INSERT INTO `song_interactions` (`id`, `song_id`, `user_id`, `is_liked`, `play_count`) VALUES (291, 141, 12, 1, 123);
INSERT INTO `song_interactions` (`id`, `song_id`, `user_id`, `is_liked`, `play_count`) VALUES (292, 142, 13, 1, 254);
INSERT INTO `song_interactions` (`id`, `song_id`, `user_id`, `is_liked`, `play_count`) VALUES (293, 143, 14, 1, 539);
INSERT INTO `song_interactions` (`id`, `song_id`, `user_id`, `is_liked`, `play_count`) VALUES (294, 144, 15, 0, 336);
INSERT INTO `song_interactions` (`id`, `song_id`, `user_id`, `is_liked`, `play_count`) VALUES (295, 145, 16, 0, 266);
INSERT INTO `song_interactions` (`id`, `song_id`, `user_id`, `is_liked`, `play_count`) VALUES (296, 146, 17, 1, 304);
INSERT INTO `song_interactions` (`id`, `song_id`, `user_id`, `is_liked`, `play_count`) VALUES (297, 147, 18, 0, 269);
INSERT INTO `song_interactions` (`id`, `song_id`, `user_id`, `is_liked`, `play_count`) VALUES (298, 148, 19, 0, 244);
INSERT INTO `song_interactions` (`id`, `song_id`, `user_id`, `is_liked`, `play_count`) VALUES (299, 149, 20, 0, 434);
INSERT INTO `song_interactions` (`id`, `song_id`, `user_id`, `is_liked`, `play_count`) VALUES (300, 150, 21, 1, 520);

INSERT INTO `songs_in_playlists` (`playlist_id`, `song_id`) VALUES (1, 1);
INSERT INTO `songs_in_playlists` (`playlist_id`, `song_id`) VALUES (1, 7);
INSERT INTO `songs_in_playlists` (`playlist_id`, `song_id`) VALUES (1, 13);
INSERT INTO `songs_in_playlists` (`playlist_id`, `song_id`) VALUES (1, 19);
INSERT INTO `songs_in_playlists` (`playlist_id`, `song_id`) VALUES (1, 25);
INSERT INTO `songs_in_playlists` (`playlist_id`, `song_id`) VALUES (1, 31);
INSERT INTO `songs_in_playlists` (`playlist_id`, `song_id`) VALUES (1, 37);
INSERT INTO `songs_in_playlists` (`playlist_id`, `song_id`) VALUES (1, 43);
INSERT INTO `songs_in_playlists` (`playlist_id`, `song_id`) VALUES (1, 49);
INSERT INTO `songs_in_playlists` (`playlist_id`, `song_id`) VALUES (1, 55);
INSERT INTO `songs_in_playlists` (`playlist_id`, `song_id`) VALUES (1, 61);
INSERT INTO `songs_in_playlists` (`playlist_id`, `song_id`) VALUES (1, 67);
INSERT INTO `songs_in_playlists` (`playlist_id`, `song_id`) VALUES (1, 73);
INSERT INTO `songs_in_playlists` (`playlist_id`, `song_id`) VALUES (1, 79);
INSERT INTO `songs_in_playlists` (`playlist_id`, `song_id`) VALUES (1, 85);
INSERT INTO `songs_in_playlists` (`playlist_id`, `song_id`) VALUES (1, 91);
INSERT INTO `songs_in_playlists` (`playlist_id`, `song_id`) VALUES (1, 97);
INSERT INTO `songs_in_playlists` (`playlist_id`, `song_id`) VALUES (1, 103);
INSERT INTO `songs_in_playlists` (`playlist_id`, `song_id`) VALUES (1, 109);
INSERT INTO `songs_in_playlists` (`playlist_id`, `song_id`) VALUES (1, 115);
INSERT INTO `songs_in_playlists` (`playlist_id`, `song_id`) VALUES (1, 121);
INSERT INTO `songs_in_playlists` (`playlist_id`, `song_id`) VALUES (1, 127);
INSERT INTO `songs_in_playlists` (`playlist_id`, `song_id`) VALUES (1, 133);
INSERT INTO `songs_in_playlists` (`playlist_id`, `song_id`) VALUES (1, 139);
INSERT INTO `songs_in_playlists` (`playlist_id`, `song_id`) VALUES (1, 145);
INSERT INTO `songs_in_playlists` (`playlist_id`, `song_id`) VALUES (2, 2);
INSERT INTO `songs_in_playlists` (`playlist_id`, `song_id`) VALUES (2, 8);
INSERT INTO `songs_in_playlists` (`playlist_id`, `song_id`) VALUES (2, 14);
INSERT INTO `songs_in_playlists` (`playlist_id`, `song_id`) VALUES (2, 20);
INSERT INTO `songs_in_playlists` (`playlist_id`, `song_id`) VALUES (2, 26);
INSERT INTO `songs_in_playlists` (`playlist_id`, `song_id`) VALUES (2, 32);
INSERT INTO `songs_in_playlists` (`playlist_id`, `song_id`) VALUES (2, 38);
INSERT INTO `songs_in_playlists` (`playlist_id`, `song_id`) VALUES (2, 44);
INSERT INTO `songs_in_playlists` (`playlist_id`, `song_id`) VALUES (2, 50);
INSERT INTO `songs_in_playlists` (`playlist_id`, `song_id`) VALUES (2, 56);
INSERT INTO `songs_in_playlists` (`playlist_id`, `song_id`) VALUES (2, 62);
INSERT INTO `songs_in_playlists` (`playlist_id`, `song_id`) VALUES (2, 68);
INSERT INTO `songs_in_playlists` (`playlist_id`, `song_id`) VALUES (2, 74);
INSERT INTO `songs_in_playlists` (`playlist_id`, `song_id`) VALUES (2, 80);
INSERT INTO `songs_in_playlists` (`playlist_id`, `song_id`) VALUES (2, 86);
INSERT INTO `songs_in_playlists` (`playlist_id`, `song_id`) VALUES (2, 92);
INSERT INTO `songs_in_playlists` (`playlist_id`, `song_id`) VALUES (2, 98);
INSERT INTO `songs_in_playlists` (`playlist_id`, `song_id`) VALUES (2, 104);
INSERT INTO `songs_in_playlists` (`playlist_id`, `song_id`) VALUES (2, 110);
INSERT INTO `songs_in_playlists` (`playlist_id`, `song_id`) VALUES (2, 116);
INSERT INTO `songs_in_playlists` (`playlist_id`, `song_id`) VALUES (2, 122);
INSERT INTO `songs_in_playlists` (`playlist_id`, `song_id`) VALUES (2, 128);
INSERT INTO `songs_in_playlists` (`playlist_id`, `song_id`) VALUES (2, 134);
INSERT INTO `songs_in_playlists` (`playlist_id`, `song_id`) VALUES (2, 140);
INSERT INTO `songs_in_playlists` (`playlist_id`, `song_id`) VALUES (2, 146);
INSERT INTO `songs_in_playlists` (`playlist_id`, `song_id`) VALUES (3, 3);
INSERT INTO `songs_in_playlists` (`playlist_id`, `song_id`) VALUES (3, 9);
INSERT INTO `songs_in_playlists` (`playlist_id`, `song_id`) VALUES (3, 15);
INSERT INTO `songs_in_playlists` (`playlist_id`, `song_id`) VALUES (3, 21);
INSERT INTO `songs_in_playlists` (`playlist_id`, `song_id`) VALUES (3, 27);
INSERT INTO `songs_in_playlists` (`playlist_id`, `song_id`) VALUES (3, 33);
INSERT INTO `songs_in_playlists` (`playlist_id`, `song_id`) VALUES (3, 39);
INSERT INTO `songs_in_playlists` (`playlist_id`, `song_id`) VALUES (3, 45);
INSERT INTO `songs_in_playlists` (`playlist_id`, `song_id`) VALUES (3, 51);
INSERT INTO `songs_in_playlists` (`playlist_id`, `song_id`) VALUES (3, 57);
INSERT INTO `songs_in_playlists` (`playlist_id`, `song_id`) VALUES (3, 63);
INSERT INTO `songs_in_playlists` (`playlist_id`, `song_id`) VALUES (3, 69);
INSERT INTO `songs_in_playlists` (`playlist_id`, `song_id`) VALUES (3, 75);
INSERT INTO `songs_in_playlists` (`playlist_id`, `song_id`) VALUES (3, 81);
INSERT INTO `songs_in_playlists` (`playlist_id`, `song_id`) VALUES (3, 87);
INSERT INTO `songs_in_playlists` (`playlist_id`, `song_id`) VALUES (3, 93);
INSERT INTO `songs_in_playlists` (`playlist_id`, `song_id`) VALUES (3, 99);
INSERT INTO `songs_in_playlists` (`playlist_id`, `song_id`) VALUES (3, 105);
INSERT INTO `songs_in_playlists` (`playlist_id`, `song_id`) VALUES (3, 111);
INSERT INTO `songs_in_playlists` (`playlist_id`, `song_id`) VALUES (3, 117);
INSERT INTO `songs_in_playlists` (`playlist_id`, `song_id`) VALUES (3, 123);
INSERT INTO `songs_in_playlists` (`playlist_id`, `song_id`) VALUES (3, 129);
INSERT INTO `songs_in_playlists` (`playlist_id`, `song_id`) VALUES (3, 135);
INSERT INTO `songs_in_playlists` (`playlist_id`, `song_id`) VALUES (3, 141);
INSERT INTO `songs_in_playlists` (`playlist_id`, `song_id`) VALUES (3, 147);
INSERT INTO `songs_in_playlists` (`playlist_id`, `song_id`) VALUES (4, 4);
INSERT INTO `songs_in_playlists` (`playlist_id`, `song_id`) VALUES (4, 10);
INSERT INTO `songs_in_playlists` (`playlist_id`, `song_id`) VALUES (4, 16);
INSERT INTO `songs_in_playlists` (`playlist_id`, `song_id`) VALUES (4, 22);
INSERT INTO `songs_in_playlists` (`playlist_id`, `song_id`) VALUES (4, 28);
INSERT INTO `songs_in_playlists` (`playlist_id`, `song_id`) VALUES (4, 34);
INSERT INTO `songs_in_playlists` (`playlist_id`, `song_id`) VALUES (4, 40);
INSERT INTO `songs_in_playlists` (`playlist_id`, `song_id`) VALUES (4, 46);
INSERT INTO `songs_in_playlists` (`playlist_id`, `song_id`) VALUES (4, 52);
INSERT INTO `songs_in_playlists` (`playlist_id`, `song_id`) VALUES (4, 58);
INSERT INTO `songs_in_playlists` (`playlist_id`, `song_id`) VALUES (4, 64);
INSERT INTO `songs_in_playlists` (`playlist_id`, `song_id`) VALUES (4, 70);
INSERT INTO `songs_in_playlists` (`playlist_id`, `song_id`) VALUES (4, 76);
INSERT INTO `songs_in_playlists` (`playlist_id`, `song_id`) VALUES (4, 82);
INSERT INTO `songs_in_playlists` (`playlist_id`, `song_id`) VALUES (4, 88);
INSERT INTO `songs_in_playlists` (`playlist_id`, `song_id`) VALUES (4, 94);
INSERT INTO `songs_in_playlists` (`playlist_id`, `song_id`) VALUES (4, 100);
INSERT INTO `songs_in_playlists` (`playlist_id`, `song_id`) VALUES (4, 106);
INSERT INTO `songs_in_playlists` (`playlist_id`, `song_id`) VALUES (4, 112);
INSERT INTO `songs_in_playlists` (`playlist_id`, `song_id`) VALUES (4, 118);
INSERT INTO `songs_in_playlists` (`playlist_id`, `song_id`) VALUES (4, 124);
INSERT INTO `songs_in_playlists` (`playlist_id`, `song_id`) VALUES (4, 130);
INSERT INTO `songs_in_playlists` (`playlist_id`, `song_id`) VALUES (4, 136);
INSERT INTO `songs_in_playlists` (`playlist_id`, `song_id`) VALUES (4, 142);
INSERT INTO `songs_in_playlists` (`playlist_id`, `song_id`) VALUES (4, 148);
INSERT INTO `songs_in_playlists` (`playlist_id`, `song_id`) VALUES (5, 5);
INSERT INTO `songs_in_playlists` (`playlist_id`, `song_id`) VALUES (5, 11);
INSERT INTO `songs_in_playlists` (`playlist_id`, `song_id`) VALUES (5, 17);
INSERT INTO `songs_in_playlists` (`playlist_id`, `song_id`) VALUES (5, 23);
INSERT INTO `songs_in_playlists` (`playlist_id`, `song_id`) VALUES (5, 29);
INSERT INTO `songs_in_playlists` (`playlist_id`, `song_id`) VALUES (5, 35);
INSERT INTO `songs_in_playlists` (`playlist_id`, `song_id`) VALUES (5, 41);
INSERT INTO `songs_in_playlists` (`playlist_id`, `song_id`) VALUES (5, 47);
INSERT INTO `songs_in_playlists` (`playlist_id`, `song_id`) VALUES (5, 53);
INSERT INTO `songs_in_playlists` (`playlist_id`, `song_id`) VALUES (5, 59);
INSERT INTO `songs_in_playlists` (`playlist_id`, `song_id`) VALUES (5, 65);
INSERT INTO `songs_in_playlists` (`playlist_id`, `song_id`) VALUES (5, 71);
INSERT INTO `songs_in_playlists` (`playlist_id`, `song_id`) VALUES (5, 77);
INSERT INTO `songs_in_playlists` (`playlist_id`, `song_id`) VALUES (5, 83);
INSERT INTO `songs_in_playlists` (`playlist_id`, `song_id`) VALUES (5, 89);
INSERT INTO `songs_in_playlists` (`playlist_id`, `song_id`) VALUES (5, 95);
INSERT INTO `songs_in_playlists` (`playlist_id`, `song_id`) VALUES (5, 101);
INSERT INTO `songs_in_playlists` (`playlist_id`, `song_id`) VALUES (5, 107);
INSERT INTO `songs_in_playlists` (`playlist_id`, `song_id`) VALUES (5, 113);
INSERT INTO `songs_in_playlists` (`playlist_id`, `song_id`) VALUES (5, 119);
INSERT INTO `songs_in_playlists` (`playlist_id`, `song_id`) VALUES (5, 125);
INSERT INTO `songs_in_playlists` (`playlist_id`, `song_id`) VALUES (5, 131);
INSERT INTO `songs_in_playlists` (`playlist_id`, `song_id`) VALUES (5, 137);
INSERT INTO `songs_in_playlists` (`playlist_id`, `song_id`) VALUES (5, 143);
INSERT INTO `songs_in_playlists` (`playlist_id`, `song_id`) VALUES (5, 149);
INSERT INTO `songs_in_playlists` (`playlist_id`, `song_id`) VALUES (6, 6);
INSERT INTO `songs_in_playlists` (`playlist_id`, `song_id`) VALUES (6, 12);
INSERT INTO `songs_in_playlists` (`playlist_id`, `song_id`) VALUES (6, 18);
INSERT INTO `songs_in_playlists` (`playlist_id`, `song_id`) VALUES (6, 24);
INSERT INTO `songs_in_playlists` (`playlist_id`, `song_id`) VALUES (6, 30);
INSERT INTO `songs_in_playlists` (`playlist_id`, `song_id`) VALUES (6, 36);
INSERT INTO `songs_in_playlists` (`playlist_id`, `song_id`) VALUES (6, 42);
INSERT INTO `songs_in_playlists` (`playlist_id`, `song_id`) VALUES (6, 48);
INSERT INTO `songs_in_playlists` (`playlist_id`, `song_id`) VALUES (6, 54);
INSERT INTO `songs_in_playlists` (`playlist_id`, `song_id`) VALUES (6, 60);
INSERT INTO `songs_in_playlists` (`playlist_id`, `song_id`) VALUES (6, 66);
INSERT INTO `songs_in_playlists` (`playlist_id`, `song_id`) VALUES (6, 72);
INSERT INTO `songs_in_playlists` (`playlist_id`, `song_id`) VALUES (6, 78);
INSERT INTO `songs_in_playlists` (`playlist_id`, `song_id`) VALUES (6, 84);
INSERT INTO `songs_in_playlists` (`playlist_id`, `song_id`) VALUES (6, 90);
INSERT INTO `songs_in_playlists` (`playlist_id`, `song_id`) VALUES (6, 96);
INSERT INTO `songs_in_playlists` (`playlist_id`, `song_id`) VALUES (6, 102);
INSERT INTO `songs_in_playlists` (`playlist_id`, `song_id`) VALUES (6, 108);
INSERT INTO `songs_in_playlists` (`playlist_id`, `song_id`) VALUES (6, 114);
INSERT INTO `songs_in_playlists` (`playlist_id`, `song_id`) VALUES (6, 120);
INSERT INTO `songs_in_playlists` (`playlist_id`, `song_id`) VALUES (6, 126);
INSERT INTO `songs_in_playlists` (`playlist_id`, `song_id`) VALUES (6, 132);
INSERT INTO `songs_in_playlists` (`playlist_id`, `song_id`) VALUES (6, 138);
INSERT INTO `songs_in_playlists` (`playlist_id`, `song_id`) VALUES (6, 144);
INSERT INTO `songs_in_playlists` (`playlist_id`, `song_id`) VALUES (6, 150);
INSERT INTO `songs_in_playlists` (`playlist_id`, `song_id`) VALUES (7, 1);
INSERT INTO `songs_in_playlists` (`playlist_id`, `song_id`) VALUES (7, 7);
INSERT INTO `songs_in_playlists` (`playlist_id`, `song_id`) VALUES (7, 13);
INSERT INTO `songs_in_playlists` (`playlist_id`, `song_id`) VALUES (7, 19);
INSERT INTO `songs_in_playlists` (`playlist_id`, `song_id`) VALUES (7, 25);
INSERT INTO `songs_in_playlists` (`playlist_id`, `song_id`) VALUES (7, 31);
INSERT INTO `songs_in_playlists` (`playlist_id`, `song_id`) VALUES (7, 37);
INSERT INTO `songs_in_playlists` (`playlist_id`, `song_id`) VALUES (7, 43);
INSERT INTO `songs_in_playlists` (`playlist_id`, `song_id`) VALUES (7, 49);
INSERT INTO `songs_in_playlists` (`playlist_id`, `song_id`) VALUES (7, 55);
INSERT INTO `songs_in_playlists` (`playlist_id`, `song_id`) VALUES (7, 61);
INSERT INTO `songs_in_playlists` (`playlist_id`, `song_id`) VALUES (7, 67);
INSERT INTO `songs_in_playlists` (`playlist_id`, `song_id`) VALUES (7, 73);
INSERT INTO `songs_in_playlists` (`playlist_id`, `song_id`) VALUES (7, 79);
INSERT INTO `songs_in_playlists` (`playlist_id`, `song_id`) VALUES (7, 85);
INSERT INTO `songs_in_playlists` (`playlist_id`, `song_id`) VALUES (7, 91);
INSERT INTO `songs_in_playlists` (`playlist_id`, `song_id`) VALUES (7, 97);
INSERT INTO `songs_in_playlists` (`playlist_id`, `song_id`) VALUES (7, 103);
INSERT INTO `songs_in_playlists` (`playlist_id`, `song_id`) VALUES (7, 109);
INSERT INTO `songs_in_playlists` (`playlist_id`, `song_id`) VALUES (7, 115);
INSERT INTO `songs_in_playlists` (`playlist_id`, `song_id`) VALUES (7, 121);
INSERT INTO `songs_in_playlists` (`playlist_id`, `song_id`) VALUES (7, 127);
INSERT INTO `songs_in_playlists` (`playlist_id`, `song_id`) VALUES (7, 133);
INSERT INTO `songs_in_playlists` (`playlist_id`, `song_id`) VALUES (7, 139);
INSERT INTO `songs_in_playlists` (`playlist_id`, `song_id`) VALUES (7, 145);
INSERT INTO `songs_in_playlists` (`playlist_id`, `song_id`) VALUES (8, 2);
INSERT INTO `songs_in_playlists` (`playlist_id`, `song_id`) VALUES (8, 8);
INSERT INTO `songs_in_playlists` (`playlist_id`, `song_id`) VALUES (8, 14);
INSERT INTO `songs_in_playlists` (`playlist_id`, `song_id`) VALUES (8, 20);
INSERT INTO `songs_in_playlists` (`playlist_id`, `song_id`) VALUES (8, 26);
INSERT INTO `songs_in_playlists` (`playlist_id`, `song_id`) VALUES (8, 32);
INSERT INTO `songs_in_playlists` (`playlist_id`, `song_id`) VALUES (8, 38);
INSERT INTO `songs_in_playlists` (`playlist_id`, `song_id`) VALUES (8, 44);
INSERT INTO `songs_in_playlists` (`playlist_id`, `song_id`) VALUES (8, 50);
INSERT INTO `songs_in_playlists` (`playlist_id`, `song_id`) VALUES (8, 56);
INSERT INTO `songs_in_playlists` (`playlist_id`, `song_id`) VALUES (8, 62);
INSERT INTO `songs_in_playlists` (`playlist_id`, `song_id`) VALUES (8, 68);
INSERT INTO `songs_in_playlists` (`playlist_id`, `song_id`) VALUES (8, 74);
INSERT INTO `songs_in_playlists` (`playlist_id`, `song_id`) VALUES (8, 80);
INSERT INTO `songs_in_playlists` (`playlist_id`, `song_id`) VALUES (8, 86);
INSERT INTO `songs_in_playlists` (`playlist_id`, `song_id`) VALUES (8, 92);
INSERT INTO `songs_in_playlists` (`playlist_id`, `song_id`) VALUES (8, 98);
INSERT INTO `songs_in_playlists` (`playlist_id`, `song_id`) VALUES (8, 104);
INSERT INTO `songs_in_playlists` (`playlist_id`, `song_id`) VALUES (8, 110);
INSERT INTO `songs_in_playlists` (`playlist_id`, `song_id`) VALUES (8, 116);
INSERT INTO `songs_in_playlists` (`playlist_id`, `song_id`) VALUES (8, 122);
INSERT INTO `songs_in_playlists` (`playlist_id`, `song_id`) VALUES (8, 128);
INSERT INTO `songs_in_playlists` (`playlist_id`, `song_id`) VALUES (8, 134);
INSERT INTO `songs_in_playlists` (`playlist_id`, `song_id`) VALUES (8, 140);
INSERT INTO `songs_in_playlists` (`playlist_id`, `song_id`) VALUES (8, 146);
INSERT INTO `songs_in_playlists` (`playlist_id`, `song_id`) VALUES (9, 3);
INSERT INTO `songs_in_playlists` (`playlist_id`, `song_id`) VALUES (9, 9);
INSERT INTO `songs_in_playlists` (`playlist_id`, `song_id`) VALUES (9, 15);
INSERT INTO `songs_in_playlists` (`playlist_id`, `song_id`) VALUES (9, 21);
INSERT INTO `songs_in_playlists` (`playlist_id`, `song_id`) VALUES (9, 27);
INSERT INTO `songs_in_playlists` (`playlist_id`, `song_id`) VALUES (9, 33);
INSERT INTO `songs_in_playlists` (`playlist_id`, `song_id`) VALUES (9, 39);
INSERT INTO `songs_in_playlists` (`playlist_id`, `song_id`) VALUES (9, 45);
INSERT INTO `songs_in_playlists` (`playlist_id`, `song_id`) VALUES (9, 51);
INSERT INTO `songs_in_playlists` (`playlist_id`, `song_id`) VALUES (9, 57);
INSERT INTO `songs_in_playlists` (`playlist_id`, `song_id`) VALUES (9, 63);
INSERT INTO `songs_in_playlists` (`playlist_id`, `song_id`) VALUES (9, 69);
INSERT INTO `songs_in_playlists` (`playlist_id`, `song_id`) VALUES (9, 75);
INSERT INTO `songs_in_playlists` (`playlist_id`, `song_id`) VALUES (9, 81);
INSERT INTO `songs_in_playlists` (`playlist_id`, `song_id`) VALUES (9, 87);
INSERT INTO `songs_in_playlists` (`playlist_id`, `song_id`) VALUES (9, 93);
INSERT INTO `songs_in_playlists` (`playlist_id`, `song_id`) VALUES (9, 99);
INSERT INTO `songs_in_playlists` (`playlist_id`, `song_id`) VALUES (9, 105);
INSERT INTO `songs_in_playlists` (`playlist_id`, `song_id`) VALUES (9, 111);
INSERT INTO `songs_in_playlists` (`playlist_id`, `song_id`) VALUES (9, 117);
INSERT INTO `songs_in_playlists` (`playlist_id`, `song_id`) VALUES (9, 123);
INSERT INTO `songs_in_playlists` (`playlist_id`, `song_id`) VALUES (9, 129);
INSERT INTO `songs_in_playlists` (`playlist_id`, `song_id`) VALUES (9, 135);
INSERT INTO `songs_in_playlists` (`playlist_id`, `song_id`) VALUES (9, 141);
INSERT INTO `songs_in_playlists` (`playlist_id`, `song_id`) VALUES (9, 147);
INSERT INTO `songs_in_playlists` (`playlist_id`, `song_id`) VALUES (10, 4);
INSERT INTO `songs_in_playlists` (`playlist_id`, `song_id`) VALUES (10, 10);
INSERT INTO `songs_in_playlists` (`playlist_id`, `song_id`) VALUES (10, 16);
INSERT INTO `songs_in_playlists` (`playlist_id`, `song_id`) VALUES (10, 22);
INSERT INTO `songs_in_playlists` (`playlist_id`, `song_id`) VALUES (10, 28);
INSERT INTO `songs_in_playlists` (`playlist_id`, `song_id`) VALUES (10, 34);
INSERT INTO `songs_in_playlists` (`playlist_id`, `song_id`) VALUES (10, 40);
INSERT INTO `songs_in_playlists` (`playlist_id`, `song_id`) VALUES (10, 46);
INSERT INTO `songs_in_playlists` (`playlist_id`, `song_id`) VALUES (10, 52);
INSERT INTO `songs_in_playlists` (`playlist_id`, `song_id`) VALUES (10, 58);
INSERT INTO `songs_in_playlists` (`playlist_id`, `song_id`) VALUES (10, 64);
INSERT INTO `songs_in_playlists` (`playlist_id`, `song_id`) VALUES (10, 70);
INSERT INTO `songs_in_playlists` (`playlist_id`, `song_id`) VALUES (10, 76);
INSERT INTO `songs_in_playlists` (`playlist_id`, `song_id`) VALUES (10, 82);
INSERT INTO `songs_in_playlists` (`playlist_id`, `song_id`) VALUES (10, 88);
INSERT INTO `songs_in_playlists` (`playlist_id`, `song_id`) VALUES (10, 94);
INSERT INTO `songs_in_playlists` (`playlist_id`, `song_id`) VALUES (10, 100);
INSERT INTO `songs_in_playlists` (`playlist_id`, `song_id`) VALUES (10, 106);
INSERT INTO `songs_in_playlists` (`playlist_id`, `song_id`) VALUES (10, 112);
INSERT INTO `songs_in_playlists` (`playlist_id`, `song_id`) VALUES (10, 118);
INSERT INTO `songs_in_playlists` (`playlist_id`, `song_id`) VALUES (10, 124);
INSERT INTO `songs_in_playlists` (`playlist_id`, `song_id`) VALUES (10, 130);
INSERT INTO `songs_in_playlists` (`playlist_id`, `song_id`) VALUES (10, 136);
INSERT INTO `songs_in_playlists` (`playlist_id`, `song_id`) VALUES (10, 142);
INSERT INTO `songs_in_playlists` (`playlist_id`, `song_id`) VALUES (10, 148);
INSERT INTO `songs_in_playlists` (`playlist_id`, `song_id`) VALUES (11, 5);
INSERT INTO `songs_in_playlists` (`playlist_id`, `song_id`) VALUES (11, 11);
INSERT INTO `songs_in_playlists` (`playlist_id`, `song_id`) VALUES (11, 17);
INSERT INTO `songs_in_playlists` (`playlist_id`, `song_id`) VALUES (11, 23);
INSERT INTO `songs_in_playlists` (`playlist_id`, `song_id`) VALUES (11, 29);
INSERT INTO `songs_in_playlists` (`playlist_id`, `song_id`) VALUES (11, 35);
INSERT INTO `songs_in_playlists` (`playlist_id`, `song_id`) VALUES (11, 41);
INSERT INTO `songs_in_playlists` (`playlist_id`, `song_id`) VALUES (11, 47);
INSERT INTO `songs_in_playlists` (`playlist_id`, `song_id`) VALUES (11, 53);
INSERT INTO `songs_in_playlists` (`playlist_id`, `song_id`) VALUES (11, 59);
INSERT INTO `songs_in_playlists` (`playlist_id`, `song_id`) VALUES (11, 65);
INSERT INTO `songs_in_playlists` (`playlist_id`, `song_id`) VALUES (11, 71);
INSERT INTO `songs_in_playlists` (`playlist_id`, `song_id`) VALUES (11, 77);
INSERT INTO `songs_in_playlists` (`playlist_id`, `song_id`) VALUES (11, 83);
INSERT INTO `songs_in_playlists` (`playlist_id`, `song_id`) VALUES (11, 89);
INSERT INTO `songs_in_playlists` (`playlist_id`, `song_id`) VALUES (11, 95);
INSERT INTO `songs_in_playlists` (`playlist_id`, `song_id`) VALUES (11, 101);
INSERT INTO `songs_in_playlists` (`playlist_id`, `song_id`) VALUES (11, 107);
INSERT INTO `songs_in_playlists` (`playlist_id`, `song_id`) VALUES (11, 113);
INSERT INTO `songs_in_playlists` (`playlist_id`, `song_id`) VALUES (11, 119);
INSERT INTO `songs_in_playlists` (`playlist_id`, `song_id`) VALUES (11, 125);
INSERT INTO `songs_in_playlists` (`playlist_id`, `song_id`) VALUES (11, 131);
INSERT INTO `songs_in_playlists` (`playlist_id`, `song_id`) VALUES (11, 137);
INSERT INTO `songs_in_playlists` (`playlist_id`, `song_id`) VALUES (11, 143);
INSERT INTO `songs_in_playlists` (`playlist_id`, `song_id`) VALUES (11, 149);
INSERT INTO `songs_in_playlists` (`playlist_id`, `song_id`) VALUES (12, 6);
INSERT INTO `songs_in_playlists` (`playlist_id`, `song_id`) VALUES (12, 12);
INSERT INTO `songs_in_playlists` (`playlist_id`, `song_id`) VALUES (12, 18);
INSERT INTO `songs_in_playlists` (`playlist_id`, `song_id`) VALUES (12, 24);
INSERT INTO `songs_in_playlists` (`playlist_id`, `song_id`) VALUES (12, 30);
INSERT INTO `songs_in_playlists` (`playlist_id`, `song_id`) VALUES (12, 36);
INSERT INTO `songs_in_playlists` (`playlist_id`, `song_id`) VALUES (12, 42);
INSERT INTO `songs_in_playlists` (`playlist_id`, `song_id`) VALUES (12, 48);
INSERT INTO `songs_in_playlists` (`playlist_id`, `song_id`) VALUES (12, 54);
INSERT INTO `songs_in_playlists` (`playlist_id`, `song_id`) VALUES (12, 60);
INSERT INTO `songs_in_playlists` (`playlist_id`, `song_id`) VALUES (12, 66);
INSERT INTO `songs_in_playlists` (`playlist_id`, `song_id`) VALUES (12, 72);
INSERT INTO `songs_in_playlists` (`playlist_id`, `song_id`) VALUES (12, 78);
INSERT INTO `songs_in_playlists` (`playlist_id`, `song_id`) VALUES (12, 84);
INSERT INTO `songs_in_playlists` (`playlist_id`, `song_id`) VALUES (12, 90);
INSERT INTO `songs_in_playlists` (`playlist_id`, `song_id`) VALUES (12, 96);
INSERT INTO `songs_in_playlists` (`playlist_id`, `song_id`) VALUES (12, 102);
INSERT INTO `songs_in_playlists` (`playlist_id`, `song_id`) VALUES (12, 108);
INSERT INTO `songs_in_playlists` (`playlist_id`, `song_id`) VALUES (12, 114);
INSERT INTO `songs_in_playlists` (`playlist_id`, `song_id`) VALUES (12, 120);
INSERT INTO `songs_in_playlists` (`playlist_id`, `song_id`) VALUES (12, 126);
INSERT INTO `songs_in_playlists` (`playlist_id`, `song_id`) VALUES (12, 132);
INSERT INTO `songs_in_playlists` (`playlist_id`, `song_id`) VALUES (12, 138);
INSERT INTO `songs_in_playlists` (`playlist_id`, `song_id`) VALUES (12, 144);
INSERT INTO `songs_in_playlists` (`playlist_id`, `song_id`) VALUES (12, 150);
INSERT INTO `songs_in_playlists` (`playlist_id`, `song_id`) VALUES (13, 1);
INSERT INTO `songs_in_playlists` (`playlist_id`, `song_id`) VALUES (13, 7);
INSERT INTO `songs_in_playlists` (`playlist_id`, `song_id`) VALUES (13, 13);
INSERT INTO `songs_in_playlists` (`playlist_id`, `song_id`) VALUES (13, 19);
INSERT INTO `songs_in_playlists` (`playlist_id`, `song_id`) VALUES (13, 25);
INSERT INTO `songs_in_playlists` (`playlist_id`, `song_id`) VALUES (13, 31);
INSERT INTO `songs_in_playlists` (`playlist_id`, `song_id`) VALUES (13, 37);
INSERT INTO `songs_in_playlists` (`playlist_id`, `song_id`) VALUES (13, 43);
INSERT INTO `songs_in_playlists` (`playlist_id`, `song_id`) VALUES (13, 49);
INSERT INTO `songs_in_playlists` (`playlist_id`, `song_id`) VALUES (13, 55);
INSERT INTO `songs_in_playlists` (`playlist_id`, `song_id`) VALUES (13, 61);
INSERT INTO `songs_in_playlists` (`playlist_id`, `song_id`) VALUES (13, 67);
INSERT INTO `songs_in_playlists` (`playlist_id`, `song_id`) VALUES (13, 73);
INSERT INTO `songs_in_playlists` (`playlist_id`, `song_id`) VALUES (13, 79);
INSERT INTO `songs_in_playlists` (`playlist_id`, `song_id`) VALUES (13, 85);
INSERT INTO `songs_in_playlists` (`playlist_id`, `song_id`) VALUES (13, 91);
INSERT INTO `songs_in_playlists` (`playlist_id`, `song_id`) VALUES (13, 97);
INSERT INTO `songs_in_playlists` (`playlist_id`, `song_id`) VALUES (13, 103);
INSERT INTO `songs_in_playlists` (`playlist_id`, `song_id`) VALUES (13, 109);
INSERT INTO `songs_in_playlists` (`playlist_id`, `song_id`) VALUES (13, 115);
INSERT INTO `songs_in_playlists` (`playlist_id`, `song_id`) VALUES (13, 121);
INSERT INTO `songs_in_playlists` (`playlist_id`, `song_id`) VALUES (13, 127);
INSERT INTO `songs_in_playlists` (`playlist_id`, `song_id`) VALUES (13, 133);
INSERT INTO `songs_in_playlists` (`playlist_id`, `song_id`) VALUES (13, 139);
INSERT INTO `songs_in_playlists` (`playlist_id`, `song_id`) VALUES (13, 145);
INSERT INTO `songs_in_playlists` (`playlist_id`, `song_id`) VALUES (14, 2);
INSERT INTO `songs_in_playlists` (`playlist_id`, `song_id`) VALUES (14, 8);
INSERT INTO `songs_in_playlists` (`playlist_id`, `song_id`) VALUES (14, 14);
INSERT INTO `songs_in_playlists` (`playlist_id`, `song_id`) VALUES (14, 20);
INSERT INTO `songs_in_playlists` (`playlist_id`, `song_id`) VALUES (14, 26);
INSERT INTO `songs_in_playlists` (`playlist_id`, `song_id`) VALUES (14, 32);
INSERT INTO `songs_in_playlists` (`playlist_id`, `song_id`) VALUES (14, 38);
INSERT INTO `songs_in_playlists` (`playlist_id`, `song_id`) VALUES (14, 44);
INSERT INTO `songs_in_playlists` (`playlist_id`, `song_id`) VALUES (14, 50);
INSERT INTO `songs_in_playlists` (`playlist_id`, `song_id`) VALUES (14, 56);
INSERT INTO `songs_in_playlists` (`playlist_id`, `song_id`) VALUES (14, 62);
INSERT INTO `songs_in_playlists` (`playlist_id`, `song_id`) VALUES (14, 68);
INSERT INTO `songs_in_playlists` (`playlist_id`, `song_id`) VALUES (14, 74);
INSERT INTO `songs_in_playlists` (`playlist_id`, `song_id`) VALUES (14, 80);
INSERT INTO `songs_in_playlists` (`playlist_id`, `song_id`) VALUES (14, 86);
INSERT INTO `songs_in_playlists` (`playlist_id`, `song_id`) VALUES (14, 92);
INSERT INTO `songs_in_playlists` (`playlist_id`, `song_id`) VALUES (14, 98);
INSERT INTO `songs_in_playlists` (`playlist_id`, `song_id`) VALUES (14, 104);
INSERT INTO `songs_in_playlists` (`playlist_id`, `song_id`) VALUES (14, 110);
INSERT INTO `songs_in_playlists` (`playlist_id`, `song_id`) VALUES (14, 116);
INSERT INTO `songs_in_playlists` (`playlist_id`, `song_id`) VALUES (14, 122);
INSERT INTO `songs_in_playlists` (`playlist_id`, `song_id`) VALUES (14, 128);
INSERT INTO `songs_in_playlists` (`playlist_id`, `song_id`) VALUES (14, 134);
INSERT INTO `songs_in_playlists` (`playlist_id`, `song_id`) VALUES (14, 140);
INSERT INTO `songs_in_playlists` (`playlist_id`, `song_id`) VALUES (14, 146);
INSERT INTO `songs_in_playlists` (`playlist_id`, `song_id`) VALUES (15, 3);
INSERT INTO `songs_in_playlists` (`playlist_id`, `song_id`) VALUES (15, 9);
INSERT INTO `songs_in_playlists` (`playlist_id`, `song_id`) VALUES (15, 15);
INSERT INTO `songs_in_playlists` (`playlist_id`, `song_id`) VALUES (15, 21);
INSERT INTO `songs_in_playlists` (`playlist_id`, `song_id`) VALUES (15, 27);
INSERT INTO `songs_in_playlists` (`playlist_id`, `song_id`) VALUES (15, 33);
INSERT INTO `songs_in_playlists` (`playlist_id`, `song_id`) VALUES (15, 39);
INSERT INTO `songs_in_playlists` (`playlist_id`, `song_id`) VALUES (15, 45);
INSERT INTO `songs_in_playlists` (`playlist_id`, `song_id`) VALUES (15, 51);
INSERT INTO `songs_in_playlists` (`playlist_id`, `song_id`) VALUES (15, 57);
INSERT INTO `songs_in_playlists` (`playlist_id`, `song_id`) VALUES (15, 63);
INSERT INTO `songs_in_playlists` (`playlist_id`, `song_id`) VALUES (15, 69);
INSERT INTO `songs_in_playlists` (`playlist_id`, `song_id`) VALUES (15, 75);
INSERT INTO `songs_in_playlists` (`playlist_id`, `song_id`) VALUES (15, 81);
INSERT INTO `songs_in_playlists` (`playlist_id`, `song_id`) VALUES (15, 87);
INSERT INTO `songs_in_playlists` (`playlist_id`, `song_id`) VALUES (15, 93);
INSERT INTO `songs_in_playlists` (`playlist_id`, `song_id`) VALUES (15, 99);
INSERT INTO `songs_in_playlists` (`playlist_id`, `song_id`) VALUES (15, 105);
INSERT INTO `songs_in_playlists` (`playlist_id`, `song_id`) VALUES (15, 111);
INSERT INTO `songs_in_playlists` (`playlist_id`, `song_id`) VALUES (15, 117);
INSERT INTO `songs_in_playlists` (`playlist_id`, `song_id`) VALUES (15, 123);
INSERT INTO `songs_in_playlists` (`playlist_id`, `song_id`) VALUES (15, 129);
INSERT INTO `songs_in_playlists` (`playlist_id`, `song_id`) VALUES (15, 135);
INSERT INTO `songs_in_playlists` (`playlist_id`, `song_id`) VALUES (15, 141);
INSERT INTO `songs_in_playlists` (`playlist_id`, `song_id`) VALUES (15, 147);
INSERT INTO `songs_in_playlists` (`playlist_id`, `song_id`) VALUES (16, 4);
INSERT INTO `songs_in_playlists` (`playlist_id`, `song_id`) VALUES (16, 10);
INSERT INTO `songs_in_playlists` (`playlist_id`, `song_id`) VALUES (16, 16);
INSERT INTO `songs_in_playlists` (`playlist_id`, `song_id`) VALUES (16, 22);
INSERT INTO `songs_in_playlists` (`playlist_id`, `song_id`) VALUES (16, 28);
INSERT INTO `songs_in_playlists` (`playlist_id`, `song_id`) VALUES (16, 34);
INSERT INTO `songs_in_playlists` (`playlist_id`, `song_id`) VALUES (16, 40);
INSERT INTO `songs_in_playlists` (`playlist_id`, `song_id`) VALUES (16, 46);
INSERT INTO `songs_in_playlists` (`playlist_id`, `song_id`) VALUES (16, 52);
INSERT INTO `songs_in_playlists` (`playlist_id`, `song_id`) VALUES (16, 58);
INSERT INTO `songs_in_playlists` (`playlist_id`, `song_id`) VALUES (16, 64);
INSERT INTO `songs_in_playlists` (`playlist_id`, `song_id`) VALUES (16, 70);
INSERT INTO `songs_in_playlists` (`playlist_id`, `song_id`) VALUES (16, 76);
INSERT INTO `songs_in_playlists` (`playlist_id`, `song_id`) VALUES (16, 82);
INSERT INTO `songs_in_playlists` (`playlist_id`, `song_id`) VALUES (16, 88);
INSERT INTO `songs_in_playlists` (`playlist_id`, `song_id`) VALUES (16, 94);
INSERT INTO `songs_in_playlists` (`playlist_id`, `song_id`) VALUES (16, 100);
INSERT INTO `songs_in_playlists` (`playlist_id`, `song_id`) VALUES (16, 106);
INSERT INTO `songs_in_playlists` (`playlist_id`, `song_id`) VALUES (16, 112);
INSERT INTO `songs_in_playlists` (`playlist_id`, `song_id`) VALUES (16, 118);
INSERT INTO `songs_in_playlists` (`playlist_id`, `song_id`) VALUES (16, 124);
INSERT INTO `songs_in_playlists` (`playlist_id`, `song_id`) VALUES (16, 130);
INSERT INTO `songs_in_playlists` (`playlist_id`, `song_id`) VALUES (16, 136);
INSERT INTO `songs_in_playlists` (`playlist_id`, `song_id`) VALUES (16, 142);
INSERT INTO `songs_in_playlists` (`playlist_id`, `song_id`) VALUES (16, 148);
INSERT INTO `songs_in_playlists` (`playlist_id`, `song_id`) VALUES (17, 5);
INSERT INTO `songs_in_playlists` (`playlist_id`, `song_id`) VALUES (17, 11);
INSERT INTO `songs_in_playlists` (`playlist_id`, `song_id`) VALUES (17, 17);
INSERT INTO `songs_in_playlists` (`playlist_id`, `song_id`) VALUES (17, 23);
INSERT INTO `songs_in_playlists` (`playlist_id`, `song_id`) VALUES (17, 29);
INSERT INTO `songs_in_playlists` (`playlist_id`, `song_id`) VALUES (17, 35);
INSERT INTO `songs_in_playlists` (`playlist_id`, `song_id`) VALUES (17, 41);
INSERT INTO `songs_in_playlists` (`playlist_id`, `song_id`) VALUES (17, 47);
INSERT INTO `songs_in_playlists` (`playlist_id`, `song_id`) VALUES (17, 53);
INSERT INTO `songs_in_playlists` (`playlist_id`, `song_id`) VALUES (17, 59);
INSERT INTO `songs_in_playlists` (`playlist_id`, `song_id`) VALUES (17, 65);
INSERT INTO `songs_in_playlists` (`playlist_id`, `song_id`) VALUES (17, 71);
INSERT INTO `songs_in_playlists` (`playlist_id`, `song_id`) VALUES (17, 77);
INSERT INTO `songs_in_playlists` (`playlist_id`, `song_id`) VALUES (17, 83);
INSERT INTO `songs_in_playlists` (`playlist_id`, `song_id`) VALUES (17, 89);
INSERT INTO `songs_in_playlists` (`playlist_id`, `song_id`) VALUES (17, 95);
INSERT INTO `songs_in_playlists` (`playlist_id`, `song_id`) VALUES (17, 101);
INSERT INTO `songs_in_playlists` (`playlist_id`, `song_id`) VALUES (17, 107);
INSERT INTO `songs_in_playlists` (`playlist_id`, `song_id`) VALUES (17, 113);
INSERT INTO `songs_in_playlists` (`playlist_id`, `song_id`) VALUES (17, 119);
INSERT INTO `songs_in_playlists` (`playlist_id`, `song_id`) VALUES (17, 125);
INSERT INTO `songs_in_playlists` (`playlist_id`, `song_id`) VALUES (17, 131);
INSERT INTO `songs_in_playlists` (`playlist_id`, `song_id`) VALUES (17, 137);
INSERT INTO `songs_in_playlists` (`playlist_id`, `song_id`) VALUES (17, 143);
INSERT INTO `songs_in_playlists` (`playlist_id`, `song_id`) VALUES (17, 149);
INSERT INTO `songs_in_playlists` (`playlist_id`, `song_id`) VALUES (18, 6);
INSERT INTO `songs_in_playlists` (`playlist_id`, `song_id`) VALUES (18, 12);
INSERT INTO `songs_in_playlists` (`playlist_id`, `song_id`) VALUES (18, 18);
INSERT INTO `songs_in_playlists` (`playlist_id`, `song_id`) VALUES (18, 24);
INSERT INTO `songs_in_playlists` (`playlist_id`, `song_id`) VALUES (18, 30);
INSERT INTO `songs_in_playlists` (`playlist_id`, `song_id`) VALUES (18, 36);
INSERT INTO `songs_in_playlists` (`playlist_id`, `song_id`) VALUES (18, 42);
INSERT INTO `songs_in_playlists` (`playlist_id`, `song_id`) VALUES (18, 48);
INSERT INTO `songs_in_playlists` (`playlist_id`, `song_id`) VALUES (18, 54);
INSERT INTO `songs_in_playlists` (`playlist_id`, `song_id`) VALUES (18, 60);
INSERT INTO `songs_in_playlists` (`playlist_id`, `song_id`) VALUES (18, 66);
INSERT INTO `songs_in_playlists` (`playlist_id`, `song_id`) VALUES (18, 72);
INSERT INTO `songs_in_playlists` (`playlist_id`, `song_id`) VALUES (18, 78);
INSERT INTO `songs_in_playlists` (`playlist_id`, `song_id`) VALUES (18, 84);
INSERT INTO `songs_in_playlists` (`playlist_id`, `song_id`) VALUES (18, 90);
INSERT INTO `songs_in_playlists` (`playlist_id`, `song_id`) VALUES (18, 96);
INSERT INTO `songs_in_playlists` (`playlist_id`, `song_id`) VALUES (18, 102);
INSERT INTO `songs_in_playlists` (`playlist_id`, `song_id`) VALUES (18, 108);
INSERT INTO `songs_in_playlists` (`playlist_id`, `song_id`) VALUES (18, 114);
INSERT INTO `songs_in_playlists` (`playlist_id`, `song_id`) VALUES (18, 120);
INSERT INTO `songs_in_playlists` (`playlist_id`, `song_id`) VALUES (18, 126);
INSERT INTO `songs_in_playlists` (`playlist_id`, `song_id`) VALUES (18, 132);
INSERT INTO `songs_in_playlists` (`playlist_id`, `song_id`) VALUES (18, 138);
INSERT INTO `songs_in_playlists` (`playlist_id`, `song_id`) VALUES (18, 144);
INSERT INTO `songs_in_playlists` (`playlist_id`, `song_id`) VALUES (18, 150);
